Conc_Fe(%),Conc_SiO2(%),Conc_Al2O3(%),Conc_LOI(%),Conc45_micron(%),Blane_No_cm2_g,CRM_dust_kg_t,ESP_DUST_kg_t,SMS_sludge_DRY_kg_t,Green_Pellet_Moisture(%),Green_Pellet_GCS_kg,Green_Pellet_Drop_No.,FEED_RATE_tph,MACHINE_SPEED_m_min,FIRING_TEMP_C,BURNTHRU_TEMP_C,DR_Main_temp_C,UDD_FAN_PRESSURE_mmWC,UDD_FAN_TEMP_C,WBR_PRESURE_mmWC,WBR_FAN_TEMP_C,CA_PRESSURE_mmWC,2nd_cooling_zone_pressure_mmWC,2nd_cooling_zone_temp_C,Pellet_CCS_Kg_p,TI,AI
61.9,4.38,2.99,3.48,67.52,1730,3.14,7.62,2.25,10.39,1.04,12,582,3.06,1285,339,865,313,230,-349,170,454,-85.62,115,238,90.87,7
61.76,4.12,3.25,3.67,66.05,1775,3.28,0.23,0.78,10.42,1.03,12,578,3.06,1282,331,841,305,222,-363,168,449,-84.51,107,241,91,6.87
61.26,3.91,3.62,4.22,67.04,1830,4.79,2.14,2.22,10.51,1.06,12,589,3.22,1288,323,862,328,221,-381,164,471,-86.79,110,229.17,90.02,7.87
61.23,3.66,3.63,4.56,66.3,1810,6.49,1.92,0,10.04,1.03,14,511,2.81,1288,319,770,278,188,-322,160,356,-84.43,109,236,91.87,6.33
61.38,3.45,3.51,4.39,67.93,1776.67,4.28,0.3,2.36,10.44,1.04,14,555,3.03,1282,342,823,300,223,-366,166,393,-87.96,113,233.33,89.27,8.44
61.05,3.77,3.45,4.44,69.33,1901.67,4.91,2.7,1.57,10.5,1.04,14,545,3,1281,329,814,285,214,-352,161,386,-81.45,104,234,91.62,6.91
61.16,3.86,3.26,4.31,69.4,1895,4.62,5.03,0.83,10.5,1.03,14,546,2.94,1281,341,803,284,203,-349,167,410,-79.49,102,235,91.29,7.4
62.34,3.47,2.53,3.59,65.9,1701.67,3.29,0.83,2.4,10.1,1.04,14,546,2.81,1283,331,814,287,208,-372,169,466,-77.8,107,231,91.31,7.29
62.38,3.8,2.44,3.46,68.33,1680,3.41,3.37,2.58,10.18,1.04,11,500,2.57,1267,356,821,251,213,-319,180,382,-78.6,112,241,91.09,7.56
61.97,4.29,2.62,3.49,67.25,1743.33,4.47,0.94,1.56,10.39,1.03,11,541,2.77,1277,351,825,270,217,-346,175,427,-77.55,109,245,91.73,6.78
62.24,4.07,2.87,3.29,66.58,1685,4.21,3.35,2.4,9.91,1.03,10,543,2.74,1278,358,830,269,227,-348,176,423,-79.66,119,254,91.8,6.73
61.82,4.71,3.05,3.18,68.01,1793.33,2.95,6.27,2.32,10.09,1.04,12,557,2.81,1282,357,833,280,221,-347,180,436,-79.56,114,257.67,92.11,6.44
62,4.03,3.33,3.33,68.26,1938.33,4.73,0.56,0.8,10.28,1.04,13,555,2.8,1283,355,817,278,209,-347,175,430,-79.83,103,252.17,92.38,6.22
61.56,3.58,3.58,4.05,68.58,2110,5.66,3.34,1.52,10.28,1.03,14,554,2.81,1285,342,803,275,204,-374,170,423,-79.77,103,248.67,91.8,6.67
61.79,4.4,3.28,3.37,67.73,1920,4.7,2.4,2.38,10.22,1.03,12,549,2.73,1283,354,842,277,221,-372,179,429,-79.39,113,256.5,91.96,6.33
61.46,5.6,3.13,2.99,66.58,1681.67,1.31,0.4,2.27,10.22,1.04,9,569,2.85,1285,339,868,294,238,-384,174,481,-79.41,129,265.83,91.82,6.67
61.88,5.15,2.97,3,68.09,1643.33,1.28,0.71,1.45,10.27,1.04,9,577,2.88,1280,333,834,286,222,-381,174,488,-79.44,121,254.67,91.49,7.16
61.95,4.12,3.08,3.55,68.15,1670,2.3,3.86,0,10.05,1.03,12,570,2.81,1283,336,834,280,216,-366,172,454,-79.58,113,252,91.51,7.02
61.82,3.89,3.26,3.72,63.37,1581.67,3.23,4.07,1.4,10.32,1.04,12,602,2.97,1288,315,877,307,233,-391,165,486,-83.22,124,249.17,91.69,6.87
61.8,3.5,3.47,3.97,65.35,1591.67,3.03,6.32,0.67,10.27,1.03,12,603,2.98,1279,319,881,312,243,-387,168,484,-84.6,133,238.67,91.87,6.38
61.97,3.93,3.19,3.65,65.44,1666.67,4.11,5.4,2.08,10.21,1.04,12,601,2.99,1284,329,887,312,240,-384,169,478,-84.26,134,244.17,91.07,7.36
61.81,4.09,3.19,3.57,67.15,1860,2.68,3.09,2.16,10.17,1.04,14,603,2.99,1282,333,868,308,230,-375,171,473,-84.89,122,249.67,91.51,6.6
61.46,4.23,3.12,3.94,69.32,2076.67,2.65,9.75,2.2,10.46,1.04,14,588,2.99,1282,318,837,301,213,-378,167,446,-84.56,111,248.5,91.33,6.84
60.96,3.89,3.1,4.63,69.13,2103.33,1.56,9.36,2.16,10.52,1.05,14,597,3.01,1283,306,849,308,222,-393,165,448,-84.81,121,241.33,91.58,6.56
61.29,4.44,3.17,3.76,68.04,1880,4.25,5.34,2.16,10.29,1.04,14,606,3.02,1287,304,864,304,241,-395,166,473,-85.24,142,251.17,92.02,6.24
62.11,4.05,3.15,3.26,65.5,1616.67,2.84,1.13,2.03,10.05,1.03,10,617,3.02,1286,303,871,305,252,-405,165,501,-84.85,146,252.5,91,7.44
62,4.83,2.93,2.8,66.42,1763.33,2.61,7.51,2.1,9.99,1.03,9,608,2.98,1290,317,879,302,251,-388,173,486,-84.14,149,254.83,91.51,6.82
61.81,4.07,3.28,3.61,68.76,2045,2.94,6.02,2.04,10.24,1.03,14,605,3.04,1287,307,873,317,232,-392,168,478,-84.95,131,256.5,91.91,6.31
61.55,4.08,3.54,3.67,67.33,1966.67,6.66,4.01,2.16,10.13,1.01,13,600,2.98,1287,302,864,307,232,-398,165,487,-84.35,125,254.33,91.13,7.16
62.16,3.42,3.13,3.89,66.88,1750,1.44,5.14,2.08,10.32,1.04,13,600,2.99,1280,318,891,314,237,-392,167,478,-83.9,122,249.5,91.47,6.84
62.02,3.88,2.99,3.84,67.05,1785,2.6,3.42,2.16,10.11,1.04,8,604,2.97,1287,301,862,305,228,-401,163,484,-84.72,119,247.83,90.78,7.38
62.04,4.03,2.99,3.68,66.5,1608.33,2.32,1.8,2.15,10.13,1.03,12,599,2.99,1290,304,868,302,235,-394,165,486,-84.21,123,250.67,91.58,6.82
62.38,4.11,2.86,3.3,65.3,1735,3.44,0.62,2.16,9.92,1.03,11,598,2.97,1295,292,848,307,232,-411,159,502,-87.14,122,248.33,90.76,7.6
61.78,5.19,3,2.99,64.88,1646.67,1.87,3.3,2.16,10.14,1.04,10,599,3.01,1303,292,888,318,255,-405,161,504,-88.99,144,254.5,91.31,7.13
61.73,5.27,3.07,2.97,67.2,1765,1.9,5.67,2.16,10.07,1.02,8,598,3.19,1304,289,893,318,260,-404,158,500,-85.18,146,259,90.8,7.67
61.64,5.24,3.02,3,67.03,1683.33,1.66,0.92,2.16,9.95,1.04,8,595,3.11,1296,294,899,320,257,-406,162,509,-84.1,149,258.17,91.28,7.09
61.95,4.6,2.88,3.24,66.87,1841.67,3.01,0.87,2.11,10.13,1.03,10,608,3.07,1297,286,892,321,243,-410,158,498,-84.85,133,254,90.4,7.84
62.11,4.4,3.12,3.14,66.92,1693.33,0.86,0.54,2.15,10.08,1.01,10,606,3.1,1300,281,892,316,247,-410,155,498,-84.35,136,258,90.69,7.76
62.06,4.06,3.17,3.47,66.96,1728.33,1.63,1.17,2.11,10.11,1.03,11.08,608,3.14,1301,295,913,320,251,-394,161,485,-84,138,244.67,90.13,8.04
62.06,3.39,3.45,3.71,67.74,1736.67,3.89,7.46,2.11,10.38,1.04,11.42,619,3.15,1284,281,879,318,242,-406,152,490,-84.71,131,238.33,90.36,8.07
61.39,4.48,3.31,3.77,68.77,1691.67,4.69,7.55,2.04,10.46,1.04,12.08,619,3.08,1287,295,879,318,237,-396,160,483,-84.62,129,240.5,91.31,7
61.92,4.06,3.3,3.59,67.23,1778.33,4.27,7.95,2.03,10.42,1.04,12.08,618,3.04,1296,282,890,313,236,-407,157,484,-84.64,134,246.5,91.71,6.38
61.99,3.89,3.36,3.57,67.88,1758.33,2.5,13.76,2.07,10.39,1.02,12.5,607,3.03,1283,303,895,311,243,-387,162,470,-83.67,134,247.33,90.49,7.6
61.93,4.31,3.44,3.17,65.76,1703.33,4.4,2.32,2.05,10.16,1.03,10.5,616,2.99,1284,298,891,311,253,-414,159,513,-81.6,143,249.67,91.07,7.13
60.77,5.6,3.63,3.39,68.46,1858.33,5.52,4.67,2.03,10.14,1.05,14.04,615,3.04,1298,294,889,313,242,-400,160,485,-83.69,132,249.5,91.27,7.24
61.43,4.79,3.55,3.31,67.95,1646.67,4.88,4.22,2.04,10.1,1.04,13.42,616,3.05,1291,307,887,309,243,-393,166,486,-83.55,131,260.5,91.71,6.76
61.57,4.46,3.7,3.3,68.53,1635,3.52,1.44,2.03,10.15,1.03,14,623,3.08,1290,286,870,310,242,-397,159,478,-85.91,136,262.5,91.89,6.42
62.38,3.96,2.88,3.35,66.2,1575,3.12,0.38,2.01,10.24,1.03,9.75,632,3.16,1298,279,910,326,262,-408,155,500,-88.51,154,251.67,91.22,7.42
62.89,3.14,2.81,3.35,67.15,1586.67,4.22,0.93,2.03,10.15,1.02,9.79,626,3.16,1304,284,891,318,248,-399,157,484,-89.08,141,248,90.47,7.84
62.3,2.92,3.05,3.94,69.37,1808.33,4.13,5.94,2.14,10.38,1.04,9.79,613,3.14,1305,278,874,319,226,-395,153,464,-88.93,122,244.17,90.71,7.6
62.6,3.33,3,3.35,70.36,1755,0.78,6.52,1.23,10.02,1.04,12.08,570,2.86,1296,313,843,302,218,-382,170,457,-85.55,119,246.75,92.13,6.27
62.42,3.86,2.93,3.24,65.88,1553.33,2.24,0.83,2.08,10.07,1.02,10.42,625,3.17,1302,286,885,324,248,-399,155,495,-89.59,153,248.17,90.93,7.4
62.2,3.84,3.03,3.4,68.17,1625,1.64,0.75,2.05,10.27,1.04,11.54,607,3.1,1307,301,892,319,239,-385,161,477,-89.4,139,249.83,90.53,7.8
62.03,4.45,3.12,3.08,66.82,1568.33,3.66,0.21,2.11,10.11,1.03,11.38,621,3.16,1301,298,909,324,264,-396,158,501,-89.25,159,251.17,90.71,7.71
61.81,4.43,3.3,3.43,68.12,1656.67,1.95,2.64,2.11,10.05,1.04,11.42,617,3.17,1292,284,886,317,239,-390,155,476,-87.63,140,251.17,91.02,7.47
61.45,4.3,3.38,3.88,68.81,1926.67,2.01,4.08,2.09,10.18,1.03,13.83,617,3,1288,284,877,324,223,-388,157,467,-90,118,242.5,90.49,7.76
61.51,4.04,3.37,3.96,68.17,1865,4.64,6.3,2.14,10.31,1.05,13.79,610,3,1295,278,857,314,223,-397,150,468,-90,123,245.17,90.44,7.82
61.63,3.98,3.25,3.98,68.75,1850,1.82,4.63,2.08,10.39,1.03,14.67,607,3,1303,287,900,323,232,-384,158,461,-90,129,240.17,90.07,8.09
62.2,4.09,2.99,3.49,68.22,1613.33,1.22,0.18,2.03,10.38,1.04,12.21,617,3,1300,306,923,328,251,-377,164,471,-88.7,145,242.17,90.47,7.87
61.97,4.04,3.26,3.59,68.78,1681.67,3.66,0.41,2.11,10.24,1.04,11.33,613,3,1291,300,897,322,242,-382,159,468,-89.03,138,241.5,91.6,6.53
61.96,3.96,3.28,3.65,67.38,1648.33,2.33,4.18,2.09,10.24,1.05,7.67,621,3,1288,288,917,340,249,-396,155,487,-89.2,148,240,91.73,6.6
62.25,3.71,3.14,3.69,67.04,1538.33,2.97,5.69,2.1,10.29,1.05,11.71,621,3,1291,296,914,341,247,-395,154,487,-88.65,140,242.83,90.4,7.89
62.1,3.25,3.42,4.01,68.32,1666.67,2.97,8.71,2.14,10.45,1.04,12.46,611,3,1286,287,897,339,234,-398,153,479,-89.43,125,239.5,91,7.09
61.51,3.68,3.6,4.13,67.8,1658.33,3.75,1.17,2.16,10.42,1.03,12.71,606,3,1303,290,888,338,227,-395,151,472,-89.16,120,236,89.98,8.16
61.91,4.19,3.02,3.68,66.23,1500,3.57,3.53,2.11,10.26,1.05,11.67,625,3,1292,311,917,341,246,-395,160,502,-86.61,144,242,91.09,7.36
61.6,4.25,3.39,3.76,65.79,1451.67,4.49,0.14,2.05,10.2,1.04,10.92,633,3,1285,298,916,348,240,-395,157,500,-88.92,143,234.5,90.82,7.47
61.07,4.33,3.75,4.06,65.86,1525,1.96,8.47,2.12,10.44,1.06,10.67,614,3,1288,301,880,335,229,-392,158,484,-88.92,133,239.83,90.04,8.11
61.29,4.31,3.54,3.92,67.12,1531.67,3.72,4.37,2.16,10.24,1.01,10.5,611,3,1286,306,883,331,236,-394,160,492,-88.67,143,240.83,91.62,6.78
62.22,3.71,2.98,3.61,66.59,1473.33,2.04,0,2.1,10.22,1.02,10.92,627,3,1279,315,909,334,260,-387,162,499,-87.02,154,239.83,91.33,6.87
61.43,4.56,3.14,3.74,67.37,1705,2.83,7.66,2.13,10.33,1.05,12.88,624,3,1287,295,897,336,242,-399,157,487,-89.47,135,241,90.6,7.47
61.24,4.77,3.14,3.76,69.63,1923.33,2.55,9.84,2.15,10.6,1.03,13.42,621,3,1276,292,865,333,233,-396,156,479,-89.8,129,239.83,91.13,7.16
62.1,4.47,2.9,3.18,66.54,1793.33,1.05,0,2.12,10.16,1.05,10.88,620,3,1289,295,909,330,257,-396,161,499,-88.88,149,248.33,91.09,7.22
62.21,4.02,2.9,3.53,66.66,1683.33,4.04,4.01,2.11,10.31,1.05,10.29,616,3,1286,301,898,329,248,-392,160,490,-88.59,135,244.5,90.56,7.62
61.99,3.89,2.73,3.82,67.21,1735,2,1.59,2.1,10.34,1.04,12.04,620,3,1280,308,900,329,249,-386,162,487,-87.8,140,240,91.11,6.84
62.33,3.81,2.96,3.45,66.97,1553.33,2.71,1.51,2.13,10.27,1.03,11.29,611,3,1284,309,900,325,255,-392,160,498,-88.54,140,238.5,90.8,7.42
62.01,4.01,3.02,3.5,67.43,1538.33,2.54,4.78,2.16,10.24,1.02,12.33,612,3,1276,319,896,329,246,-385,164,495,-88.27,131,241.83,91.07,7.22
61.36,5.04,3.01,3.36,67.5,1628.33,2.5,0.6,2.16,10.21,1.05,11.25,599,3,1282,329,868,316,231,-381,170,489,-88.52,124,249.67,91.44,6.93
60.69,5.45,3.31,3.51,67.1,1746.67,5.82,9.03,2.16,10.4,1.05,12.13,602,3,1271,318,874,331,233,-390,167,498,-89.47,124,246.83,91.76,6.51
60.76,4.99,3.56,3.65,64.1,1630,4.99,4.34,2.16,10.37,1.04,12.21,597,3,1273,311,881,330,237,-395,164,504,-89.33,130,245.17,91.18,7.16
61.1,5.04,3.28,3.44,64.28,1765,0,0.5,2.16,10.3,1.02,11.21,603,3,1282,311,882,327,240,-400,164,509,-89.79,134,249.17,90.76,7.29
60.63,4.79,3.65,3.89,63.08,1683.33,2.5,0.33,2.16,10.3,1.04,12.33,597,3,1285,311,879,329,234,-392,164,492,-88.58,126,250,91.71,6.56
60.64,5.29,3.32,3.6,61.76,1623.33,5,3.73,2.16,10.32,1.04,12,598,3,1292,307,846,316,225,-401,158,501,-89.58,122,241.17,90.42,7.89
60.75,5.27,3.12,3.62,61.44,1543.33,2.91,0.64,2.16,10.22,1.02,11.04,603,3,1303,303,882,322,236,-394,159,488,-88.53,129,248.5,90.93,7.4
61.34,4.83,2.99,3.43,61.99,1560,3.12,3.55,2.15,10.22,1.04,12.21,603,3,1303,302,876,329,237,-398,157,497,-88.95,125,247.67,90.6,7.62
61.35,4.78,2.99,3.47,62.32,1658.33,3.68,0.92,2.12,10.32,1.03,12.96,622,3,1306,293,904,337,249,-399,155,502,-87.5,135,246.17,90.51,7.53
61.6,4.5,2.97,3.62,61.76,1528.33,1.47,0.04,2.13,10.24,1.03,12.92,624,3,1294,285,878,326,242,-409,151,507,-87.66,129,242,91.04,7.11
61.33,5.05,3.02,3.46,62.69,1695,1.31,1.99,2.13,10.27,1.04,12.71,609,3,1287,295,878,326,238,-391,154,483,-88.36,127,248.67,90.11,8.11
61.03,5.54,3.03,3.32,64.29,1851.67,1.06,1.46,2.03,10.4,1.04,12.79,633,3,1282,309,886,333,244,-400,159,499,-88.88,118,253,91.13,7.2
61.14,5.01,3.14,3.43,64.88,1858.33,2.91,3.47,2.11,10.3,1.03,11.96,626,3,1290,289,871,335,230,-409,153,495,-89.62,113,251.17,91.6,6.64
61.61,4.31,3.01,3.58,67.12,1813.33,2.4,6.49,2.11,10.39,1.05,12.38,629,3,1293,291,883,337,233,-406,155,499,-89.57,115,244.17,90.6,7.36
62.05,4.19,2.8,3.37,61.47,1743.33,4.05,1.04,2.08,10.2,1.05,12.88,629,3,1285,281,891,346,242,-416,152,513,-89.75,124,247,90.51,7.58
61.47,5.08,2.85,3.17,61.43,1706.67,2.24,2.59,2.11,10.18,1.04,13.33,619,3,1292,291,885,339,243,-410,156,509,-88.36,128,247,90.78,7.38
61.14,5.52,3,3.17,61.71,1650,5.28,0.67,2.5,10.01,1.04,11.92,548,3,1202,314,744,306,190,-382,162,445,-86.85,104,244,91.2,6.73
62.28,4.54,2.75,2.94,60.09,1551.67,2.6,0.64,2.17,9.78,1.01,11.33,593,3,1297,301,874,335,250,-421,162,529,-89.11,140,242,91.07,7.38
62.48,4.25,2.83,3,64.11,1556.67,3.57,4.11,2.16,10.12,1.03,10,600,3,1302,306,887,338,242,-400,165,505,-89.6,126,256,91.27,7.11
62.38,4.19,2.88,3.05,63.81,1521.67,2.51,4.36,2.16,10.08,1.03,10.71,604,3,1294,307,882,338,249,-402,162,509,-88.89,128,254,91.64,6.84
62.29,4.2,2.91,3.11,64.81,1535,3.28,7.33,2.16,10.25,1.04,11.33,602,3,1293,298,875,339,247,-404,159,506,-87.4,127,253,92.07,6.33
62.15,4.02,3.05,3.23,64.31,1520,2.91,0.81,2.16,10.32,1.04,11.08,598,3,1300,305,876,338,246,-402,162,507,-89.11,130,248,91.18,7.18
62.06,3.77,3.18,3.49,67.47,1535,4.23,1.56,2.2,10.26,1.03,12.54,590,3,1293,310,873,341,228,-392,167,490,-88.31,113,244,91.31,6.91
62.54,3.33,2.9,3.46,65.84,1586.67,2.88,1.64,2.16,10.28,1.04,11.08,610,3,1300,297,879,346,230,-410,160,505,-87.59,115,249,91.02,7.11
62.25,3.51,3.1,3.45,66.3,1748.33,2.44,11.57,2.15,10.5,1.04,12.63,607,3,1298,295,870,336,223,-404,161,496,-86.36,113,241,91.64,6.38
61.77,3.9,3.34,3.51,64.53,1660,2.88,1.07,2.15,10.42,1.04,12.29,606,3,1282,311,857,327,231,-395,164,497,-86.64,118,244,91.89,6.29
62.22,4.31,3.02,2.94,60.74,1508.33,2.89,8.8,2.16,10.16,1.03,11.71,604,3,1293,318,848,329,227,-399,168,508,-89.62,123,245,90.73,7.71
61.62,4.64,3.1,3.28,64.59,1643.33,3.56,0.87,1.4,10.33,1.02,12.96,614,3,1300,312,870,332,230,-387,168,483,-89.42,127,244,91.13,6.98
61.67,4.56,3.1,3.28,63.01,1620,2.61,0.13,2.11,10.18,1.03,11.92,616,3,1303,309,869,337,234,-399,163,505,-89.91,127,243,90.96,7.42
61.79,4.31,3.12,3.24,64.16,1668.33,1.88,7.05,2.16,10.35,1.04,11.54,610,3,1302,306,869,334,227,-395,163,495,-88.81,123,247,91.11,7.02
61.8,4.46,3.13,3.19,63.7,1616.67,2.96,4.63,2.16,10.29,1.03,12.17,612,3,1306,306,869,340,227,-398,164,496,-89.92,120,246,92.31,5.91
61.8,4.41,3.15,3.17,63.89,1645,3.76,2.14,2.15,10.35,1.04,12.04,613,3,1303,315,867,340,225,-394,165,498,-89.29,127,249,91.93,6.36
61.81,4.4,3.01,3.19,64.53,1698.33,4.41,0.42,2.16,10.34,1.04,13.33,611,3,1301,303,841,330,224,-390,160,484,-89.3,120,251,91.54,6.51
62.07,4.44,3,2.96,64.73,1685,3.79,1.7,2.16,10.23,1.03,12.54,608,3,1301,314,864,334,233,-388,169,491,-89.51,129,247,91.69,6.51
61.93,4.77,2.77,3,66.44,1778.33,2.16,4.13,2.16,10.34,1.04,13.63,603,3,1294,320,858,328,232,-386,171,485,-87.36,122,248,92.2,5.87
62,4.98,2.64,2.87,66.62,1808.33,3.08,4.8,2.16,10.35,1.03,13.38,596,2.97,1301,303,862,313,228,-391,163,475,-92.11,119,253,91.76,6.31
61.96,4.75,2.72,3,64.84,1695,3.14,3.84,2.16,10.34,1.05,12.75,608,3.05,1297,306,867,326,232,-391,159,481,-98.06,114,249,91.31,6.93
61.67,4.73,2.95,3.14,63.87,1585,4.33,0.7,2.16,10.44,1.03,11.42,596,3.08,1300,304,862,330,229,-392,159,484,-97.76,117,247,91.47,6.64
61.97,4.51,2.84,3.1,65.23,1673.33,3.87,3.63,2.16,10.33,1.05,13.38,606,3.08,1300,313,866,335,234,-384,163,471,-96.66,118,250,91.67,6.64
62.48,4.51,2.54,2.8,65.6,1526.67,4.38,1.33,1.41,10.18,1.02,11.01,605,3.09,1296,323,860,330,240,-390,166,497,-93.77,122,252,91.73,6.47
62.38,4.32,2.58,2.99,65.59,1598.33,0.08,0.05,2.15,10.17,1.03,10.81,610,3.1,1303,323,869,337,240,-386,166,493,-94.42,119,242,91.89,6.6
61.58,4.72,3,3.24,64.52,1693.33,3.35,2.58,2.16,10.32,1.02,14.21,604,3.03,1296,298,871,334,236,-405,156,501,-88.74,118,244,92.04,6.24
61.68,5.11,2.72,3.05,64.89,1590,4.49,3.44,2.15,10.18,1.04,13.26,608,3.03,1289,308,867,330,240,-395,164,497,-89.57,127,245,92.02,6.31
61.7,5.06,2.76,3,64.3,1540,5.28,2.47,2.14,10.36,1.03,13.04,609,3.06,1295,303,862,336,235,-399,160,496,-93.49,124,249,91.49,6.8
62.08,4.67,2.53,3,65.88,1491.67,2.97,2.51,2.16,10.26,1.03,11.5,613,3.07,1295,316,867,337,237,-394,166,497,-93.49,121,248,90.96,7.2
62.03,4.96,2.63,2.84,66.73,1601.67,3.3,8.81,2.16,10.37,1.03,12.92,609,3.05,1298,315,874,338,238,-395,164,493,-90.3,121,254,92.18,6.02
61.53,5.58,2.57,2.87,65.43,1608.33,3.28,8.6,2.15,10.22,1.04,12.5,610,3.04,1288,322,862,332,239,-394,166,497,-88.56,120,256,92.64,5.6
61.86,5.18,2.48,2.82,66.52,1518.33,3.27,1.44,2.04,10.17,1.03,12.04,612,3.03,1298,316,867,338,235,-405,161,507,-91.71,115,255,91.74,6.69
61.41,5.5,2.72,2.92,64.68,1568.95,2.72,2.52,2.15,10.21,1.02,10.92,610,3.06,1300,316,869.41,339.56,236.94,-404.76,159.98,504.65,-92.16,115.3,252,92.13,6.11
61.7,5.17,2.71,2.91,63.06,1441.67,2.39,1.4,4.2,10.02,1.02,8.79,602,3.01,1301,315,879.29,346.64,244.21,-414.87,160.46,520.65,-94.16,124.59,254,91.87,6.64
61.67,5.51,2.67,2.68,63.45,1366.67,2.96,2.92,4.24,10,0.99,7.67,599,2.97,1305,305,886.95,349.05,242.76,-417.41,161.41,523.24,-93.63,126.07,254,91.47,7
61.53,5.08,2.88,3.03,66.78,1488.33,4.35,2.98,4.21,10.15,1.02,10.21,607,3.02,1300,319,881.44,347.61,238.61,-402.68,163.85,504.95,-92.97,118.19,248,91.67,6.53
61.18,5.19,3.06,3.2,65.86,1606.67,4.6,6.11,4.69,10.34,1.02,13.92,540,2.76,1290,351,870.06,332.19,221.05,-367.52,181.96,452.27,-94.2,103.06,250,92.02,6.2
60.64,5.7,3.2,3.26,66.42,1646.67,2.76,11.57,4.32,10.35,1.04,13.67,589,2.86,1296,306,850.02,337.47,219.36,-403.49,164.38,477.43,-92.69,108.36,246,92.87,5.36
61.19,5.55,2.91,3,65.1,1591.67,3.04,5.58,4.24,10.19,1.03,12.17,604,2.98,1291,315,875.9,344.64,234.99,-397.4,166.69,499.32,-93.08,120.84,253,92.38,5.87
60.92,6.04,3.06,2.96,65.22,1668.33,2.67,6.87,4.23,10.28,1.02,13.33,600,2.96,1299,315,869.47,346.77,227.99,-399.81,167.71,499.46,-94.49,116.41,255,93.11,5.29
61.4,5.26,3.07,3.05,63.45,1593.33,1.83,3.29,4.82,10.2,1.02,11.39,602,2.96,1299,317,869.88,341.99,232.81,-394.57,167.19,496.44,-93.87,125.97,257,92.91,5.62
61.37,5.06,2.97,3.16,62.68,1433.33,2.63,4.66,4.75,10.21,1.03,10.79,606,2.97,1305,309,865.55,343.69,232.11,-413.2,162.24,509.71,-93.21,122.77,252,92.16,6.13
61.31,5.23,2.7,3.3,63.35,1391.67,3.12,6.62,4.25,10.14,1.03,9.67,603,2.98,1299,318,877.73,340.58,235.6,-400.23,169.03,500.84,-88.75,128.46,254,92.51,5.89
61.3,5.43,2.6,3.17,64.07,1446.67,2.43,0.15,3.5,10.11,1.02,10.42,606,2.98,1304,316,865.85,341.19,229.03,-397.34,166.7,493.29,-91.15,123.24,259,92.44,6.04
61.35,5.54,2.49,3.02,64.38,1445,3.15,2.83,4.21,10.07,1.03,9.33,605,3.1,1302,311,845.78,347.4,223.67,-400.44,163.22,496.65,-94.82,111.43,250,91.91,6.58
61.92,4.91,2.7,3.08,62.51,1373.33,2.73,2.9,4.21,10.03,1.03,9.25,607,3.05,1303,332,882.4,347.47,245.03,-389.91,169.96,499.52,-92.77,123.77,250,91.73,6.73
61.85,4.84,2.69,3.24,61.74,1371.67,3.24,2.95,4.25,10.14,1.03,8.88,597,2.95,1305,325,881,342.64,238.49,-400.7,168.52,510.07,-90.25,125.76,256,91.93,6.47
62.04,4.72,2.59,2.98,62.42,1456.67,2.87,2.52,4.2,10.04,1.02,9.5,601,2.98,1306,312,869,339.51,241.99,-411.37,164.83,519.56,-88.85,129.33,252,91.69,6.84
61.51,5.07,2.76,3.25,63.69,1461.67,2.06,2.48,4.95,10.19,1.02,10.21,596,3,1304,314,860.9,346.91,229.85,-397.09,166.9,489.71,-90.55,125.6,250,92.13,6.29
61.39,5.52,2.92,3.02,64.63,1615,1.91,0.2,6.4,10.14,1.03,9.71,610,3,1300,318,869.63,350.27,234.97,-399.7,169.05,499.68,-92.63,126.05,256,92.31,6.22
61.37,5.31,2.93,3.14,65.18,1761.67,2.69,1.32,6.39,10.07,1.04,12.21,603,2.97,1303,312,850.29,346.85,222.79,-388.26,171.79,483.83,-93.39,121.94,254,92.04,6.27
61.09,5.37,3.06,3.21,64.66,1833.33,2.13,5.01,5.64,10.24,1.03,12.13,599,2.94,1294,311,861.47,353.8,226.82,-393.47,174.88,494.23,-94.5,123.95,251,92.4,5.87
61.18,5.61,2.99,3.14,64.35,1795,0,0.94,6.45,10.05,1.01,11.75,482,2.53,1268,364,737.08,284.71,185.89,-339.05,200.99,390.68,-84.82,101.36,257,93.33,5
61.3,5,3,3.41,67.39,1735,2.32,4.28,6.63,10.23,1.03,13.67,580,3,1298,283,828.59,331.2,210.27,-373.69,176.18,455.13,-90.84,116.84,245,92.47,5.84
61.19,5.43,3.05,3.26,64.33,1613.33,2.48,3.44,6.42,10.1,1.03,11.83,601,3.11,1297,290,864.53,347.52,236.42,-396.51,161.06,487.74,-92.16,130.97,257,91.69,6.6
60.34,5.83,3.42,3.49,65.77,1745,2.06,9.11,6.5,10.32,1.01,13.17,591,3.17,1296,288,857.82,354.06,224.42,-402.92,160.88,485.95,-93.97,113.21,242,92.53,5.69
61.89,4.82,2.87,3.05,64.84,1800,0.6,0.29,6.58,10.2,1.04,11.5,598,3.14,1299,319,892.54,346.17,246.06,-385.89,171.9,491.15,-90.85,131.25,250,91.8,6.6
61.24,5.29,3.17,3.15,64.62,1918.33,2.15,2.17,6.73,10.23,1.01,12.67,572,3.01,1291,316,846.16,337.92,223.54,-371.77,175.85,463.13,-89.56,115.55,249,92.6,5.78
61.39,4.97,3.17,3.14,65.93,2006.67,1.48,3.19,4.18,10.28,1.02,12.21,607,3.22,1289,304,892.92,352.77,251.12,-397.86,160.43,500.8,-93.32,132.41,249,91.8,6.4
61.64,5.19,2.95,2.96,63.75,1838.33,2.18,4.03,4.24,10.11,1.02,10.54,604,3.16,1282,312,885.02,352.25,247.42,-405.56,158.83,508.92,-92.51,126.28,251,91.22,7.11
61.14,5.47,3.09,3.17,65.38,1980,2.71,5.21,3.5,10.26,1.02,11.54,598,3.23,1275,319,880.54,340.38,246.35,-401.44,158.09,505.38,-87.12,121.36,249,91.27,7.07
61.58,5.42,2.75,3.04,62.72,1726.67,3.26,4.24,3.58,10.16,1.03,10.08,599,3.17,1293,303,883.92,339.74,246.77,-425.8,153.15,526.76,-85.07,123.72,245,91.2,7.04
62.12,4.94,2.61,2.75,62.82,1700,2.43,6.33,6.41,10.21,1.01,10,597,3.07,1280,329,888.83,353.31,248.07,-411.18,163.21,521.73,-92.27,124.51,255,91.5,6.73
61.49,5.37,2.8,3,65.28,1866.67,2.57,5.37,6.42,10.2,1.02,10.46,602,3.1,1276,337,886.53,352.87,247.43,-404.13,163.25,515.58,-90.98,117.94,253,91.4,6.84
61.5,5.01,2.99,3.09,65.16,2016.67,2.62,11.08,6.37,10.29,1.03,11.5,602,3.19,1295,312,876.95,353.65,239.59,-411.18,155.65,507.41,-94.32,115.09,250,91.2,7
61.29,5.25,2.98,3.13,64.47,1946.67,2.89,9.67,6.41,10.2,1.03,11.5,598,3.21,1291,301,883.58,349.23,243.26,-407.35,154.27,501.51,-92.7,120.66,249,92,6.29
61.17,5.4,3.03,3.17,65.24,1980,2.73,1.1,6.4,10.35,1.02,13.04,599,3.22,1276,305,879.13,351.62,241.68,-412.09,153.41,504.21,-92.63,116.02,243,92,6.24
61.1,5.62,3.06,3.06,65.17,2108.33,2.41,3.4,6.33,10.34,1.03,12,600,3.22,1276,316,875.76,345.82,240.58,-401.67,156.63,494.93,-93.21,114.58,251,91.4,6.67
61.58,5.31,2.75,2.97,65.55,2138.33,2.79,5.29,4.24,10.17,1.03,11.88,598,3.15,1278,323,866.26,347.08,240.32,-400.44,160.07,500.76,-93.66,112.48,245,91.5,6.89
61.49,5.05,2.97,3.04,64.67,2126.67,3.19,1.6,6.41,10.2,1.02,15.63,596,3.18,1280,317,873.8,346.83,240.61,-402.36,158.03,506.47,-93.27,116.55,248,91.5,6.82
61.78,4.73,2.83,3.13,64.65,2110,3.45,7.23,5,10.15,1.04,12.96,588,3,1280,334,882.59,352.18,237.98,-406.94,158.89,514.79,-93.62,117.82,247,91.4,6.82
60.98,5.44,3.03,3.28,65.87,2083.33,2.25,11.23,6.41,10.3,1.02,10.5,598.01,3.19,1289.18,316.52,858.18,339.17,229.88,-400.47,156.69,495.39,-91.94,110.48,244.83,91.5,6.76
61.49,4.9,2.81,3.24,63.29,2038.33,2.36,5.32,6.43,10.02,1.03,11.04,593.53,3.12,1298.39,335.02,869.29,342.75,230.61,-391.5,166.64,495.11,-93.1,112.26,244.17,91.3,6.73
61.13,4.98,3.02,3.4,64.31,1993.33,3.21,12.55,6.39,10.34,1.04,13.29,601.19,3.11,1305.87,311.92,872.41,348.52,229.63,-414.3,157.3,509.08,-90.67,110.73,246.67,91.6,6.36
61.5,4.94,2.83,3.2,63.47,1776.67,2.69,14.51,6.32,10.24,1.03,11.67,608.12,3.1,1289,321.42,876.73,336.41,238.47,-405.62,158.82,507.36,-88.22,120.29,249.17,91.5,6.38
61.54,4.95,2.8,3.12,64.7,1850,4.65,11.75,12.18,10.11,1.03,11.96,603.84,3.11,1285.62,339.98,876.09,354.01,227.62,-397.53,160.2,499.89,-94.64,111.38,251,91.4,6.73
61.54,4.95,2.8,3.12,66.65,1850,24.58,24.3,21.12,10.36,1.03,13,464.94,2.39,1257.22,394.82,1373.63,250.87,160.49,-305.79,187.95,319.22,-78.15,74.52,251,91.4,6.73
61.24,5.34,3.02,3.01,65.28,1785,3.75,3.24,6.17,10.38,1.03,13.67,613.5,3.08,1293.93,324.2,849.38,343.9,223.64,-393.18,166.46,487.86,-93.55,108.19,249.17,91.58,6.24
61.03,5.66,2.95,3.07,64.83,1726.67,2.81,9.4,6.18,10.45,1.03,14.17,622.14,3.1,1299.16,316.15,851.56,350.01,231.06,-409.77,158.4,500.99,-94.28,112.64,252.67,91.8,6.36
61.09,5.76,2.94,2.93,64.23,1745,2.23,9.96,6.21,10.37,1.04,14.04,624.32,3.12,1298.37,328.09,870.47,351.16,232.79,-405.25,162.31,499.66,-93.82,111.62,253.17,91.6,6.56
60.38,6.39,3.07,3.04,65.05,1880,2.65,11.45,6.22,10.36,1.04,15.63,622.7,3.11,1294.47,323.41,852.91,348.19,220.76,-401.57,163.25,498.23,-94.03,102.65,249.33,91.67,6.31
60.27,6.34,3.13,3.12,63.15,1833.33,2.58,6.47,6.15,10.43,1.03,21.29,620.94,3.14,1288.76,322.06,843.44,346.77,211.28,-400.23,164.58,490.05,-94.24,99.52,251.33,91.64,6.4
60.95,5.58,3.06,3.09,64.29,1923.33,3.25,10.94,6.23,10.39,1.03,20.17,621.83,3.16,1282.48,336.81,833.93,344.95,211.23,-390.07,167.2,486.91,-94.08,100.95,251,91.6,6.53
61.39,5.48,2.66,2.98,61.02,1645,3.29,6.52,6.26,10.17,1.03,13.83,622.56,3.13,1289.86,357.33,850.94,351.4,223.77,-382.68,171.32,495.73,-94.18,109.52,250.33,91.11,7.02
61.39,5.6,2.69,2.98,62.06,1728.33,2.67,5.75,5.63,10.28,1.03,14.24,611.41,3.04,1300.21,333.57,858.45,348.97,228.64,-402.43,163.86,505.41,-94.07,110.56,252.5,91.71,6.44
61.47,4.95,2.97,3.17,61.86,1786.67,1.85,2.06,6.26,10.4,1.04,15.08,622.81,3.14,1293.95,333.46,873.74,352.75,232.81,-400.33,161.98,504.47,-92.1,112.61,248.5,91.71,6.24
61.46,4.48,3.15,3.49,62.75,1735,3.28,6.86,7.68,10.44,1.03,20.25,466.61,2.58,1281.97,370.64,791.72,265.86,185.45,-290.58,179.85,400.27,-81.95,89.95,257.33,93.04,5.31
60.81,4.78,3.34,3.78,64.7,1858.33,2.32,8.03,7.07,10.57,1.04,17.75,556.13,2.91,1288.24,357.25,797.65,322.77,191.66,-364.58,170.36,462.19,-88.95,89.12,252.83,92.29,5.98
60.77,4.67,3.11,3.89,63.71,1741.67,2.38,10.63,4.72,10.63,1.04,14.67,548.24,2.87,1287.73,367.68,796.48,312.2,204.43,-369.36,175.46,439.98,-89.34,96.02,245.5,91.4,6.64
60.61,4.98,3.3,3.99,62.82,1613.33,2.62,11.73,6.97,10.7,1.04,16.67,568.12,2.94,1286,369,796,316.46,207.03,-385.12,172.53,461.38,-89.49,95.13,249.17,91.49,6.71
60.14,5.52,2.99,3.94,63.99,1598.33,3.46,7.16,6.99,10.68,1.05,16.5,560.46,2.93,1268,374,813.9,310.54,212.1,-354.48,173.28,418.16,-89.18,100.72,246.5,91.87,6.33
60.01,5.04,3.13,4.16,68.63,1800,3.98,11.61,9.51,10.72,1.04,16.96,462.52,2.62,1264.19,392.68,772.12,267.6,181.62,-280.19,181.9,371.95,-83.87,83.83,257.33,93.27,5.33
59.55,5,3.28,4.57,65.99,1673.33,4.49,4.75,9.39,10.69,1.04,14.46,418.88,2.53,1264.56,398.61,787.59,241.11,180.13,-253.32,183.38,346.9,-79.08,87.01,261.5,93.51,5.13
60.26,5.81,3.03,3.69,62.84,1621.67,5.58,5.27,9.36,10.43,1.04,14.46,421.28,2.49,1267.62,397.36,780.96,240.55,178.91,-252.75,182.52,350.85,-78.9,84.73,254.5,93.76,4.8
60.41,5.83,3.04,3.49,67.8,1748.33,3.01,7.68,7.32,10.53,1.04,15.13,527.63,2.8,1273.76,381.47,795.33,294.49,202.72,-334.08,177,425.29,-82.75,92.17,261.33,93.51,4.8
60.84,5.48,2.94,3.21,66.58,1723.33,2.54,0.52,7.68,10.55,1.03,16.88,491.49,2.61,1271.44,397.35,779.41,284.75,185.01,-296.87,184.99,385.73,-87.36,90.85,259.83,93.93,4.36
59.91,5.87,3.08,3.53,67.68,1945,3.4,5.12,8.55,10.56,1.03,19.71,440.77,2.55,1261.44,389.73,769.03,251.93,199.41,-278.86,180.52,327.81,-84.32,98.32,268.5,94.18,4.11
60.49,5.76,3.11,3.16,71.21,1995,3.93,5.55,6.77,10.47,1.03,20.78,399.37,2.4,1254.19,397.98,756.84,233.63,184.12,-244.34,187.09,309.57,-79.53,89.04,266.17,94,4.47
61.5,5.32,2.98,3,67.76,1730,2.69,2.34,5.82,10.33,1.03,20.82,437.58,2.48,1261.77,406.11,804.39,252.99,204.54,-265.38,194.55,348.37,-80.3,99.56,267.33,94.22,3.96
60.92,6.65,2.93,2.72,67.07,1865,3.88,3.27,2.64,10.31,1.03,17.47,383.09,2.31,1247.45,411.99,770.98,225.61,182.54,-205.64,196.34,293.44,-80.82,89.44,267.17,95.22,3.64
60.44,6.34,3.26,3.24,65.54,1803.33,4.62,4.2,3.06,10.51,1.04,16.88,416.56,2.34,1266.35,411.64,818.18,242.79,200.56,-238.25,184.9,325.89,-80.53,91.51,286.5,95.36,3.6
60.45,6.71,3.09,3.24,62.69,1603.33,5.14,0.26,3.51,10.25,1.03,18.21,371.92,2.3,1247.8,391.84,816.15,220.81,194.66,-217.36,178.91,311.64,-76.76,89.81,283.33,94.93,3.89
60.38,6.56,3.26,3.15,60.73,1645,3.42,3.04,3.76,10.41,1.03,13.46,474.23,2.45,1272.45,398.77,813.46,268.21,201.05,-284.53,184.86,381.38,-79.81,98.3,281.17,93.53,4.98
61,5.84,2.85,3.07,60,1653.33,3.44,5.17,2.77,10.2,1.04,12.04,462.5,2.39,1269.17,402.34,809.74,260.49,209.18,-285.55,181.51,360.19,-79.85,100.32,274,94.07,4.33
59.91,4.67,3.61,4.57,62.3,1700,4.8,1.59,3.01,10.77,1.04,16.83,434.17,2.37,1268.44,396.32,760.52,251.29,172.95,-267.69,180.18,330.42,-79.29,82.99,265.67,93.18,5.18
59.69,5.05,3.77,4.39,60.79,1483.33,9.33,1.44,7.14,10.78,1.03,13.79,324.71,2.14,1223.61,404.2,781.59,196.19,185.44,-194.33,187.9,255.32,-76.4,89.31,261.83,93.29,5.56
60,5.27,3.57,3.95,58.21,1347.5,2.71,2.32,3.87,11.07,1.06,13.38,497.62,2.6,1273.9,382.6,787.14,278.3,210.79,-330.12,178.1,396.15,-84.23,106.74,244,91.27,7.1
60.83,5.87,3.08,3.17,59.05,1390,2.83,5.05,2.36,10.52,1.03,11.75,549.21,2.74,1293.85,389.52,818.33,317.67,209.64,-368.46,179.83,482.79,-86.01,95.09,259.67,92.22,6.09
61.05,5.98,2.8,3.12,60.5,1448.33,2.31,3.91,2.2,10.3,1.03,11.54,588.87,2.95,1287.86,382.08,842.68,338.54,214.9,-382.06,242.63,511.09,-89.73,97.55,264.5,92.67,5.62
60.88,5.82,2.9,3.43,62.21,1500,3.11,12.34,4.52,10.37,1.04,12.75,572.84,2.92,1286.82,340.27,837.73,327.75,212.25,-378.18,167.13,463.84,-87.49,107.1,256.67,91.78,6.09
60.27,5.83,3.31,3.67,62.26,1643.33,3.44,11.94,4.51,10.68,1.05,17.25,579.26,2.92,1299.52,343.22,828.81,336.73,202.39,-395.86,171.65,461.06,-91.91,97.16,253.83,91.58,6.22
60.85,5.74,3.31,3.11,59.07,1441.67,3.86,10.01,4.47,10.39,1.02,15.42,566.11,2.84,1300.72,360.49,842.69,334.82,220.42,-388.33,170.1,481.41,-91.06,107.41,257,91.93,6.24
60.27,6.38,3.26,3.18,60.29,1506.67,4.15,3.25,4.65,10.32,1.04,14.38,552.82,2.79,1297.13,371.85,845.03,330.2,221.48,-368.98,176.76,458.12,-93.26,104.33,263.67,92.22,6.16
60.05,6.69,3.18,3.19,59.26,1490,0.49,0.25,5,10.31,1.06,12.33,563.91,2.91,1278.44,357.45,841.94,316.06,222.84,-352.43,171.77,451.02,-87.66,109.04,246.5,92.67,5.71
60.25,7.62,2.79,2.65,61.24,1633.33,0.85,0.19,4.4,10.23,1.03,15.72,602.66,3,1261.47,335.72,835.54,333.93,226.41,-377.16,164.84,476.91,-90.84,107.86,258.67,91.64,6.62
60.44,6.85,2.91,2.99,59.56,1675,2.11,4.43,4.33,10.15,1.02,16.54,597.03,2.98,1280.53,342.17,849.27,334.91,224.93,-382.8,167.22,491.85,-87.69,111.76,256.83,92.02,6.31
61.53,5.44,2.75,3,60.52,1730,2.57,9.93,4.33,10.32,1.03,17.13,602.89,2.98,1283.65,338.56,846.97,337.59,220.01,-387.86,165.73,493.03,-88.45,105.49,247.5,91.67,6.33
60.99,5.69,2.94,3.3,61.17,1801.67,2.01,12.35,3.52,10.33,1.03,17.29,610.87,3.08,1281.17,334.87,855.29,350.66,224.48,-398.51,163.8,507.77,-89.52,109.26,244.83,91.69,6.31
60.48,5.94,3.35,3.41,67.34,2018.33,4.26,5.53,2.89,10.44,1.03,22,489.01,2.65,1270.12,346.33,778.4,283.3,194.54,-350.34,175.12,388.32,-83.49,99.6,252.5,92.36,5.82
60.92,6.02,3.11,3.03,65.96,1920,2.88,7.54,3.74,10.41,1.04,20.58,578.98,2.94,1283.28,322.74,826.92,337.52,223.93,-403.45,166.22,471.37,-93.66,115.11,242.17,92.09,5.89
61.83,5.46,2.61,2.67,63.75,1805,3.44,8.93,4.4,10.32,1.03,17.04,591.46,2.96,1286.88,341.83,848.98,340.51,224.97,-385.71,168.01,486.91,-89.64,112.38,248.5,91.98,6.04
61.51,5.85,2.74,2.66,62.62,1533.33,3.51,4.09,3.58,10.18,1.02,14.63,597.48,2.9,1279.23,349.99,837.47,332.53,231.74,-392.83,167.17,476.28,-89,116,260,92.11,6.09
60.83,6.47,2.96,2.95,61.58,1468,3.2,11.14,2.2,10.33,1.03,16.21,588,2.89,1280.51,367,838.04,329.67,231.12,-383.08,174.56,448.81,-89.64,116.34,251,92.16,6.07
60.94,5.21,3.17,3.57,61.3,1528,3.6,8.75,0.76,10.41,1.04,16.54,594.28,2.91,1284.75,369.09,849.2,343.58,221.98,-379.05,173.99,471.27,-89.13,107.19,242.33,92.38,5.78
60.48,5.95,2.96,3.32,61.47,1568,2.55,1.02,6.52,10.42,1.03,14.17,598.63,2.9,1292.57,381.96,857.95,348.11,225.88,-375.18,179.89,474.24,-89.18,107.14,249.83,92.11,6.11
60.72,5.72,3.03,3.17,58.74,1528,0.85,0.1,6.51,10.15,1.04,11.13,600.65,2.97,1273.05,369.01,849.19,341.23,229.87,-372.32,176.88,496.06,-89.48,114.92,253.83,91.98,6.38
60.37,5.76,3.04,3.42,61.14,1548,3.13,0.52,6.97,10.15,1.04,15.71,554.44,2.82,1286.11,377.21,829.33,306.35,221.95,-336.33,177.24,427.72,-88.63,111.29,259.83,92.58,5.67
60.51,6.7,2.65,2.78,58.23,1533,3.77,0.16,6.75,10.05,1.03,8.96,568.28,2.74,1280.78,387.93,824.54,317.91,224.04,-360.26,184.06,494.81,-89.52,111.01,264,92.49,6.09
60.97,6.46,2.38,2.78,58.64,1463,1.66,12.07,6.54,10.12,1.04,9.58,588.98,2.87,1280.39,376.42,838.64,331.76,226.64,-377.23,180.23,502.57,-90.02,113.14,260.83,92.09,6.38
60.9,5.99,2.49,3.11,59.69,1510,3.09,5.92,5.7,10.1,1.02,10.5,596.84,2.94,1279.1,366.55,831.27,329.03,217.86,-366.94,178.59,483.16,-88.44,109.14,256.17,92.84,5.8
61.55,5.57,2.44,3.01,58.64,1533,3.41,1.4,2.42,10.11,1.03,11.21,556.51,2.83,1287.7,376.35,827.47,308.79,217.92,-355.89,182.58,470.65,-87.27,110.01,257.67,91.96,6.91
64.19,3.4,1.76,2.55,59.05,1198,0,0.04,0,10.16,1.03,4.75,523.98,2.61,1302.52,371.03,831.62,315.1,225.06,-405.78,182.59,524.49,-89.09,116.01,246,90.91,7.58
64.43,3.15,1.75,2.51,64.25,1378,0,0.19,0,9.85,1.02,6.08,525.17,2.68,1301.42,412.2,860.83,296.52,228.27,-326.3,188.57,439.44,-88.53,110.33,246.33,92.33,6.29
63.66,3.69,1.94,2.75,66.44,1633,0,0,6.09,10.07,1.03,8.21,556.17,2.83,1296.44,404.69,849.93,308.76,222.21,-336.27,187.2,445.23,-89.87,108.45,260.33,92.33,6.16
61.02,5.76,2.73,3.11,60.42,1460,2.03,0.5,7.71,10.18,1.02,9.83,614.93,3.07,1298.73,352.67,863.51,339.03,233.14,-392.66,166.52,508.69,-88.73,118.42,260.17,91.07,7.29
61.21,5.93,2.58,2.98,59.14,1362,6.5,2.16,6.99,9.98,1.03,8.96,612.15,3.03,1311.02,345.59,856.02,342.08,236.8,-411.21,166.19,518.93,-89.22,120.2,254.83,90.62,7.8
60.75,6.5,2.65,2.93,60.48,1383,2.45,1.12,7.67,10.12,1.02,11.29,614.64,3.13,1316.48,349.79,872.42,340.38,239.52,-391.75,163,498.31,-88.81,121.92,256.67,91.53,6.84
60.11,7.37,2.77,2.93,60.4,1315,2.61,1.75,7.14,10.03,1,11,520.82,2.78,1284.27,376.99,785.07,279.12,206,-347.79,173.67,404.58,-82.22,109.65,253,91.87,6.6
60.33,7.04,2.73,2.89,62.42,1540,2.65,6.38,6.31,10.03,1.03,14.67,607.52,2.98,1308.55,349.85,846.4,340.8,228.24,-383.74,178.54,481.38,-88.22,119,254.83,91.93,6.49
60.91,6.04,2.74,3,61.3,1517,3.53,3.63,7.7,10,1.03,14.88,608,2.93,1303.72,336.02,840.15,338.88,219.98,-396.05,170.55,497.23,-88.15,115.94,258.67,91.67,6.64
60.52,5.91,3.08,3.23,62.85,1622,3.2,6.68,7.16,10.14,1.03,12.79,595.69,2.9,1310.73,352.45,856.94,332.62,224.54,-401.52,167.6,476.48,-88.49,116.86,251.33,92.73,5.69
60.21,6.26,3.09,3.32,63.13,1693,3.74,6.51,8.3,10.18,1.03,14.54,571.46,2.81,1307.99,374.5,838.47,321.16,224.59,-378.31,174.56,445.19,-89.37,114.72,254.83,92.67,5.56
59.86,7.28,3.03,3.09,61.49,1533,2.54,0.99,8.14,10.22,1.04,13.13,581.47,2.86,1299.02,370,848.94,332.66,229.32,-389.11,172.83,469.79,-89.94,116.88,256.83,92.62,5.69
60.16,6.29,3.15,3.51,62.97,1625,3.04,8.6,7.25,10.35,1.03,17.17,584.14,2.88,1302.75,367,830.65,331.45,219.19,-388.98,169.28,454.2,-89.6,107.59,255,92.2,6.04
60.05,6.27,3.01,3.61,62.16,1475,3.31,9.3,8.84,10.35,1.03,17.04,588.15,2.93,1319.3,352.87,833.51,334,221,-394.7,161.75,471.63,-89.21,109.12,256.83,91.96,6.4
59.62,6.55,3.3,3.87,62.97,1620,2.89,5.41,8.77,10.64,1.03,24.29,588.67,3.01,1320.88,342.98,824.6,334.98,220.46,-403.85,160.8,471.32,-89.9,110.82,254.83,92.24,6.13
60.17,6.35,3.03,3.55,61.26,1421.67,2.35,7.28,8.7,10.47,1.02,14.29,597.76,2.98,1311.96,352.66,844.85,336.71,231.77,-403.3,164.63,478.64,-87.37,117.94,254.33,91.64,6.47
59.89,6.83,2.99,3.47,62.94,1598.33,0.51,7.9,8.49,10.45,1.04,14.38,606.82,3.02,1308.01,335.77,856.2,341.54,222.66,-417.23,161.75,507.25,-89.68,116.77,254.83,91.62,6.67
59.58,7.27,3.12,3.36,62.09,1565,0.82,10.3,8.49,10.42,1.02,14.46,606.73,3.02,1309.45,340.72,849.76,333.8,228.6,-399.4,165.8,474.2,-89.8,122.4,257.67,91.24,7.07
59.82,6.76,3.09,3.61,61.59,1493.33,1.25,2.17,7.83,10.57,1.03,15.67,606.49,3.03,1311.55,357.52,850.21,347.4,218.39,-396.61,165.69,487.04,-94.77,107.24,257,92.22,5.98
59.39,6.78,3.37,3.83,62.83,1700,3.59,4.91,8.76,10.6,1.02,20.25,592.4,3,1306.35,344.89,813.81,335.24,202.56,-389.68,163.76,463.48,-92.82,100.27,251.83,91.58,6.64
58.67,7.12,3.69,4.06,67.89,2105,3.23,5.23,9.23,10.87,1.03,23.13,557.71,2.86,1289.35,356.97,782.12,314.34,194.05,-382.92,167.96,419.65,-91.94,96.39,244,91.78,6.07
58.98,6.75,3.59,4.12,65.14,2161.67,2.2,10.72,9.27,10.82,1.04,31.75,574.17,2.9,1292.38,350.16,787.4,315.41,207.37,-399.5,164.82,418.68,-93.64,99.79,238,92.13,5.73
59.69,6.29,3.13,3.7,64.69,1983.33,2.68,5.62,8.95,10.6,1.04,25.21,588.16,2.83,1302.86,363.71,808.79,324.84,220.56,-401.26,172.06,440.41,-93.98,106.49,245,91.73,6.49
60.35,5.97,3.13,3.28,62.78,1846.67,3.81,12.02,8.71,10.48,1.03,21.33,597.17,2.87,1306.36,356.32,826.44,336.14,224.75,-409.24,169.25,472.61,-93.89,111.1,254,91.58,6.62
60.89,6.06,3.05,3.04,61.02,1601.67,4.23,1.9,7.95,10.34,1.03,15.79,602.56,2.89,1303.98,369.33,846.05,336.32,226.48,-395.55,174.81,483.32,-93.57,115.39,256,91.67,6.67
61.46,5.04,2.84,3.32,57.5,1358.33,0,0,7.92,10.25,1.03,13.21,596.47,2.83,1306.4,370.7,848.54,344.03,231.76,-407.74,175.42,515.85,-91.1,116.96,255,91.38,6.64
61.12,5.8,2.98,3.19,58.92,1435.83,3.62,1.15,8.48,10.34,1.03,12.63,606.78,2.95,1300.76,364.65,864.01,344.99,238.46,-411.59,169.76,514.31,-88.66,119.07,261,91.56,6.73
61.14,6,2.82,2.9,60.82,1558.33,0,0.33,8.34,10.25,1.02,10.79,609.82,3.03,1296.17,359.14,863.37,345.78,245.07,-409.71,167.97,520.29,-89.56,127.18,256,91.51,6.82
61.05,6.14,2.6,2.97,60.31,1463.33,0,0.3,8.41,10.2,1.03,10.46,607.78,3.04,1300.94,362,864.53,341.4,244.61,-409.17,164.97,517.15,-89.27,124.33,258,91.64,6.84
60.41,6.65,2.74,3.02,59.11,1531.67,1.28,4.72,8.42,10.09,1.03,10.5,609.88,3,1301.97,364.5,865.45,345.04,235.24,-397.45,173.45,508.46,-89.1,125.21,260,91.71,6.67
60.49,6.56,2.79,3.01,63.67,1573.33,3.37,6.23,8.37,10.19,1.04,14,614.83,3.06,1294.28,357,874.15,356.6,236.57,-399.9,169.27,500.42,-89.02,123.98,258,92.89,5.58
60.12,6.59,2.78,3.41,62.22,1550,2.61,2.96,8.41,10.18,1.03,13.25,618.25,3.07,1290.16,363.24,868.95,345.47,239.58,-387.89,169.52,493.47,-87.86,124.89,248,92.82,5.42
59.53,7.29,2.78,3.64,60.44,1376.67,2.06,1.02,8.4,10.36,1.02,10.67,607.3,3.03,1295.85,347.17,856.39,347.32,234.9,-415.82,164.08,514.08,-88.81,120.61,256,92.36,6.04
59.68,7.76,2.41,3.34,62.25,1483.33,3.67,1.86,8.57,10.23,1.02,14.46,597.58,2.95,1296.36,349.72,853.02,347.41,224.79,-408.91,167.91,508.43,-88.22,116.38,252,92.58,5.82
60.22,6.17,2.7,3.54,62.77,1680,3.33,4.54,7.87,10.34,1.02,14.83,605.9,2.99,1306.34,346.04,852.32,344.9,223.75,-398.18,171.58,485.34,-88.92,118.06,256,92.2,5.93
60.74,5.43,2.75,3.55,63.08,1780,3.74,1.54,8.44,10.46,1.03,18.08,608.75,3,1306.85,332.92,849.49,350.08,222.46,-408.96,166.65,488.08,-89.73,120.09,247,91.78,6.31
60.85,6.5,2.37,2.9,61.1,1540,0,0.88,8.38,10.12,1.03,13.54,617.7,2.97,1294.69,353.96,850.75,341.05,229.26,-394.81,176.09,498.52,-88.82,119.67,256,92.11,6.11
59.99,7.66,2.61,2.92,62.15,1668.33,2.17,5.79,8.23,10.26,1.04,15.75,618.97,3.02,1296.75,345.59,849.83,349.23,228.24,-399.6,170.17,492.74,-88.94,117.36,254,91.8,6.4
60.21,7.36,2.51,2.74,62.06,1731.67,1.62,6.57,7.48,10.2,1.03,13.67,575.32,2.83,1304.7,374.49,845.25,328.47,226.29,-359.53,183.54,462.69,-88.82,115.78,260,92.22,6.16
60.23,7.69,2.43,2.69,62.26,1651.67,3.33,5.48,8.58,10.25,1.04,12.29,597.19,2.9,1309.28,349.3,854.92,334.01,234.68,-384.84,175.59,485.92,-89.73,126.29,262,93,5.53
60.27,6.98,2.46,3.17,57.65,1618.33,5.8,3.71,7.58,10.28,1.03,11.96,555.24,2.82,1305.16,359.14,852.97,322.67,227.79,-360.65,172.64,468.54,-86.88,118.34,264,92.2,6.38
59.42,6.98,2.85,3.71,61.33,1668.33,3.69,2.01,8.44,10.47,1.03,17.92,609.97,3.03,1305.55,348.62,841.79,333.9,224.43,-384.02,166.59,465.42,-88.71,116.01,252,91.84,6.42
59.61,7.46,2.69,3.27,60.44,1576.67,3.76,2.48,8.36,10.34,1.02,13.67,613.33,3.03,1298.54,350.96,847.92,341.67,232.08,-397.86,170.53,493.23,-89.78,121.56,260,92.02,6.51
59.08,7.64,2.7,3.34,62.88,1698.33,3.39,1.03,8.43,10.37,1.02,14.42,609.97,3.03,1301.23,334.42,827.07,331.13,216.56,-401.29,165.27,478.38,-89.35,115.27,256,91.8,6.47
59.69,7.61,2.49,2.66,60.34,1600,3.43,0.57,8.42,10.39,1.03,12.21,619.28,3.03,1312.97,344.43,863.39,338.67,236.78,-398.66,169.55,500.75,-88.87,131.24,256,91.24,7.2
60.22,6.62,2.78,3.19,60.55,1536.67,2.5,0.67,8.49,10.3,1.03,14.38,594.76,3,1302.75,357.5,853.13,340.05,228.04,-378.27,171.73,478.65,-91.01,120.65,253,91.69,6.69
60.17,6.81,2.83,3.13,61.78,1630,7.43,5.38,8.5,10.39,1.03,13.79,603.61,2.97,1297.98,346.66,858.01,332.76,222.19,-391.03,167.9,480.59,-89.64,115.58,258,92.31,6.2
60.2,7.34,2.58,2.91,59.92,1511.67,5.59,2.73,8.15,10.26,1.04,13.79,626.07,3,1300.53,332.29,858.95,351.08,235.64,-414.49,163.33,528.59,-89.54,125.13,252,91.78,6.56
59.84,7.86,2.71,2.73,60.33,1615,2.49,0.49,8.29,10.13,1.02,15.04,618.98,3,1296.93,342.82,860.25,331.87,235.24,-399.85,167.34,510.15,-90.48,125.82,253,91.98,6.36
59.83,7.78,2.85,2.86,62.39,1708.33,3.27,2.84,8.39,10.14,1.03,18.38,607.24,2.94,1289.98,364.72,864.2,326.11,234.9,-390.59,174.37,496.4,-81.15,123.15,248,92.64,5.6
59.65,7.88,2.79,2.92,62.68,1826.67,2.98,3.09,8.42,10.27,1.04,15.08,610.09,3.01,1302.82,346.69,847.65,341.8,221.68,-408.25,164.85,497.74,-91.1,115.88,255,92.6,5.71
60.65,6.49,2.7,3.05,59.85,1746.67,2.12,5.71,8.29,10.34,1.04,14.13,618.74,3.02,1310.28,333.39,864.14,342.7,223.2,-405.86,167.08,499.51,-88.35,125.83,247,91.47,6.76
60.5,6.68,2.64,3.03,60.99,1766.67,2.96,3.81,6.85,10.27,1.03,17.71,620.67,3,1304.18,334.24,866.06,345.01,221.3,-405.22,169.98,495.54,-89.17,119.17,246.67,91.64,6.53
60.71,6.4,2.62,3.09,58.79,1601.67,3.44,2.4,8.49,10.27,1.03,12,606.58,3.01,1299.3,348.3,863.95,343.42,231.31,-401.17,167.25,501.14,-88.65,124.54,252.33,92.13,6.31
60.48,6.43,2.71,3.28,62.63,1743.33,2.83,4.7,7.72,10.36,1.03,14.29,607.87,2.94,1297.92,367.83,869.9,355.73,231.51,-392.18,175.78,503.91,-89.72,123.45,252,92.2,6.13
60.47,6.46,2.56,3.22,62.32,1748.33,2.8,4.06,8.42,10.23,1.03,12,607.01,2.94,1296.73,346.98,852.88,340.04,232.76,-402.83,167.6,509.98,-89.25,126.11,253.67,92.33,6.11
60.57,6.2,2.78,3.23,61.34,1716.67,2.89,0.26,8.42,10.15,1.01,13.71,605.09,2.92,1303.58,348.07,869.19,356.15,232.22,-412.84,166.08,528.74,-89.67,125.55,252.5,92.62,5.62
61.02,5.74,2.66,3.21,59.67,1651.67,3.28,3.05,8.33,10.12,1.03,12.25,609.84,2.93,1302.03,350.27,860.28,352.19,235,-419.11,171.94,524.29,-86.23,127.19,250.83,92.31,6.18
60.67,5.93,2.69,3.36,59.64,1600,2.73,5.75,8.54,10.09,1.03,11.21,610.73,2.96,1294.26,365.42,869.04,355.07,240.79,-394.5,179.22,505.17,-87.26,133.7,252.33,92.42,5.89
61.09,5.66,2.66,3.18,57.57,1501.67,0,0.27,8.31,10.08,1.02,12.54,615.24,2.98,1287.48,371.8,874.41,356.23,243.05,-396.25,179.03,514.21,-88.34,134.55,252.17,92.04,6.29
61.36,5.31,2.74,3.06,58.12,1613.33,0,0,6.96,9.97,1.03,12.58,604.7,2.91,1289.81,363.33,857.2,346.58,226.92,-390.81,179.04,502.3,-88.93,121.85,256,92.24,6.36
61.3,5.5,2.59,3.14,58.92,1731.67,0,0.2,8.42,9.94,1.01,12.33,604.85,2.89,1306.35,353.13,856.68,335.72,221.74,-390.41,173.67,497.4,-88.46,119.37,249.17,91.89,6.56
61.28,5.92,2.57,2.93,57.33,1541.67,2.03,0.64,8.29,10.06,1.02,10.29,613.96,2.96,1305.83,328.79,877.94,346.08,237.74,-410.17,167.7,513.85,-88.29,137.61,255.5,91.24,7.09
61.29,5.41,2.77,3.16,61.22,1721.67,3.02,1.97,8.19,10.16,1.04,14.13,620.09,3.02,1305.45,344.26,878.87,350.52,233.02,-399.79,167.63,500.3,-89.17,133.36,250.17,91.67,6.69
60.95,5.69,2.93,3.18,62.11,1730,6.14,2.47,8.35,10.18,1.02,16.04,614.28,3,1287.85,353.02,866.21,349.97,232.46,-389.56,174.13,495.09,-88.46,128.78,245.33,92.42,5.98
61.25,5.22,2.88,3.39,61.33,1601.67,6.5,4.78,6.91,10.25,1.04,15.38,611.85,3.01,1290.53,342.68,858.99,350,225.29,-397.12,167.65,495.14,-89.66,125.47,248.83,92.76,5.58
59.99,5.83,3.13,3.8,60.43,1656.67,3.6,2.4,8.16,10.37,1.03,16.08,598.87,2.98,1290.09,336.08,844.11,341.27,218.64,-392.81,169.66,474.34,-88.72,123.71,243.5,92.44,5.76
59.82,6.12,2.98,4.04,62.24,1850,7.56,4.11,9.64,10.65,1.03,23.17,535.72,2.77,1272.68,374.89,819.64,318.98,197.47,-338.14,179.71,430.47,-86.54,107.69,247,93.18,5.13
60.45,4.92,2.98,4.29,61.62,1706.67,6.23,2.98,10.27,10.56,1.02,23.29,520.35,2.66,1276.58,364.49,771.58,306.63,178.76,-342.52,182.06,426.45,-87.59,95.08,235.17,92.29,5.93
60.55,5.03,2.97,3.98,58.78,1686.67,2.46,6.94,8.79,10.54,1.02,20.58,589.73,2.87,1305.17,351.3,848.04,343.86,211.44,-389.16,173.85,483.68,-88.99,112.43,245.5,92.24,6
61.15,4.55,2.9,3.78,58.2,1600,1.67,0.89,8.66,10.35,1.03,13.75,605.69,2.96,1303.5,336.87,868.84,350.25,224.66,-403.47,169.74,511.4,-89.56,125.46,243,91.31,7
60.98,4.59,2.79,3.82,58.09,1646.67,1.69,3.08,6.53,10.38,1.01,13.17,591.13,2.9,1299.73,356.3,860.84,333.28,216.4,-372.06,173.79,477.04,-87.76,114.94,247.83,92.09,6.27
60.92,4.66,2.89,3.91,58.62,1745,1.76,0.93,5,10.54,1.05,13.79,604.85,3,1305.1,350.8,864.79,342.95,218.79,-390.47,171.48,488.57,-88.1,116.35,245.5,90.89,7.29
60.94,4.83,2.78,3.73,57.21,1641.67,2.35,4.49,4.25,10.31,1.02,14.88,605.33,3,1293.21,347.69,866.5,348.89,226.84,-397.23,169.67,501.2,-89.14,123.04,246.5,91.89,6.53
60.46,5.41,2.78,3.53,60.33,1775,2.4,5.41,6.4,10.43,1.03,17.75,541.31,2.72,1287.26,374.14,811.95,305.53,187.14,-337.71,180.12,442.48,-83.8,94.51,259.17,92.09,6.27
60.47,5.63,2.82,3.54,59.89,1638.33,1.85,0.35,5.56,10.46,1.02,18.25,540.25,2.69,1294.55,376.67,823.88,318.13,194.86,-350.18,182.27,458.08,-88.39,97.93,265.33,92.96,5.76
60.79,4.62,2.81,4,57.13,1533,1.62,3.08,5.24,10.46,1.02,14.33,578.93,2.86,1296.89,354.98,843.38,331.08,218.41,-384.23,176.16,468.47,-88.59,122.61,252.67,91.98,6.47
60.4,5.12,2.94,4,59.91,1670,2.11,0.83,5.91,10.55,1.03,16.08,584.49,2.95,1291.85,365.58,870.94,341.26,216.01,-367.04,179.8,465.55,-88.78,117.34,237,93.11,5.44
60.27,5.71,2.73,3.8,59.26,1588.33,2.3,0.34,5,10.41,1.03,13.93,604.56,3.04,1274.7,347.61,871.21,346.68,225.94,-377.58,176.49,486.69,-88.53,131.85,232.83,92.84,5.64
59.88,4.93,3.14,4.54,55.25,1536.67,1.68,4.31,5.66,10.59,1.03,12.33,598.86,3.02,1296.48,315,848.86,346.89,214.63,-409.08,163.76,499.07,-89.91,121.85,240.67,91.64,6.89
60.46,4.29,3.19,4.47,58.84,1605,2.84,7.42,5.91,10.67,1.03,15.67,600.46,2.98,1293.02,320.22,850.07,348.7,205.26,-399.05,166.42,488.42,-88.29,111.44,236,91.7,6.43
60.49,4.41,2.99,4.38,61.2,1637.5,1.93,2.28,5.96,10.5,1.03,17.93,471.72,2.62,1281.47,365.65,773.75,281.03,181.56,-320.09,178.75,397.32,-83.62,101.76,241,91.58,6.69
60.8,4.54,2.85,4.04,57.05,1515,2.35,0.16,4.51,10.27,1.01,13.54,549.12,2.86,1292.65,339.77,842.49,330.43,218.55,-390.17,173.16,468.52,-88.11,124.11,240.5,92.07,6.24
60.44,4.93,2.91,4.03,57.5,1518.33,2.51,3.2,4.81,10.58,1.03,15.96,538.92,2.84,1285.61,349.53,831.41,311.98,206.1,-361.57,177.35,451.61,-86.11,116.4,245.17,91.4,6.91
60.19,4.91,3.32,4.28,59.98,1803.33,3.26,4.92,6.07,10.58,1.02,16.63,560.9,2.94,1294.38,308.4,846.13,333.79,193.45,-391.31,160.79,466.11,-89.99,106.48,246,91.53,6.64
60.71,4.12,3.22,4.38,57.46,1598.33,2.27,7.5,6.18,10.57,1.03,15.46,564.92,2.88,1297.3,303.52,845.58,346.49,197.11,-421.45,162.9,486.92,-92.48,110.85,242.83,90.73,7.31
60.81,4.11,3.25,4.35,58.97,1561.67,1.32,7.84,6.16,10.53,1.02,16.13,574.39,2.95,1294.52,307.35,854.05,337.32,206.4,-402.33,163.24,469.58,-93.2,114.64,237.17,90.4,7.33
60.88,4.18,3.39,4.25,60.11,1835,1.79,8.8,6.75,10.56,1.04,17.17,578.02,2.9,1300.89,320.96,845.52,333.01,211.66,-400.71,165.61,441.87,-92.08,122.3,239.67,90.29,7.47
60.05,5.61,3.34,4.24,59.01,1690,3.05,8.47,5.94,10.82,1.04,20.92,591.16,3,1313.8,325.87,848.77,337.72,223.21,-401.55,165.03,444.73,-92.87,126.37,243.33,90.98,6.62
60.3,5.68,3.17,4.03,59.3,1635,3.12,9.31,6.72,10.72,1.02,19.42,587.6,3.01,1305.58,313.87,850.94,339.26,229.56,-396.26,162.53,439.78,-93.44,132.09,237.5,91.07,7
60.41,5.09,3.36,4.31,57.77,1600,3.53,11.37,6.68,10.79,1.03,18.13,576.49,2.98,1298.76,320.19,839.03,334.79,188.43,-399.02,145.28,466.61,-81.45,110.44,244,91.16,7.11
60.11,5.62,3.34,4.3,57.18,1703.33,3.13,6.12,6.75,10.8,1.04,21.79,581.13,2.89,1299.48,339.65,857.51,344.18,217.81,-402.16,166.08,463.57,-93.08,121.37,248.67,91.87,6.36
60.17,6.24,3.24,3.78,58.52,1625,2.66,4.78,6.68,10.63,1.05,15.38,599.72,3,1302.76,309.3,855.21,351.23,216.64,-416.93,160.85,490.71,-93.44,124.12,240.33,92.33,6.13
60.04,6.12,3.4,3.89,61.66,1723.33,2.73,2.83,6.15,10.97,1.09,19.13,586.11,2.87,1296.82,335.98,825.48,344.3,188.44,-395.9,173.59,480.16,-90.55,100.57,242.17,91.73,6.13
60.35,5.65,3.45,3.88,59.89,1648.33,1.33,10.73,5.75,10.89,1.06,21.38,612.07,3.01,1294.45,330.38,847.32,343.28,202.45,-394.49,170.69,477.18,-88.39,109.74,238,91.89,6.04
60.98,4.84,3.4,3.88,57.03,1428.33,1.77,6.64,5.65,10.76,1.06,20.83,618.49,3,1300.74,328.4,869.59,343.27,220.59,-407.43,165.42,494.32,-89.91,122.66,245,91,6.98
61.09,4.72,3.43,3.94,60.12,1701.67,3.15,12.43,5.66,10.87,1.04,20.46,612.24,3,1295.73,336.3,864.64,336.75,219.36,-392.94,168.12,474.78,-88.36,118.01,243.67,91.47,6.47
60.34,5.54,3.59,3.88,61.24,1673.33,1.3,7.99,6.52,10.83,1.08,23.17,592.34,3,1290.83,346.05,834.64,329.88,201.82,-378.02,171.29,464.49,-88.89,107.87,243.5,91.98,6.04
60.21,5.87,3.48,3.86,62.99,1796.67,1.71,11.69,5.9,11.38,1.09,26.21,593.41,2.95,1292.27,330.12,842.37,328.93,206.51,-389.11,170.28,464.72,-88.44,116.43,241,91.2,6.76
60,5.99,3.38,4,68.14,1900,4.59,12.43,7.93,10.8,1.08,27.17,422.75,2.44,1220.24,367.18,651.46,257.22,141.03,-290.75,181.75,330.42,-69.76,81.48,241,90.4,7.67
60.37,5.66,3.37,3.78,63.44,1871.67,1,10.31,5.99,11.09,1.09,26.92,520.47,2.7,1280.45,352.01,807.12,303.61,188.36,-333,182.51,428.22,-86.75,107.68,247.67,92.67,5.36
60.83,5.48,3.32,3.42,60.89,1778.33,3.42,10.29,5.84,10.99,1.05,26.71,593.77,2.98,1295.57,324.05,872.29,350.47,216.24,-391.65,171.95,490.81,-88.25,126.09,246.33,92.36,5.82
59.97,6.28,3.37,3.5,62.81,1950,3.56,11.18,6.99,11.33,1.06,25.33,559.93,2.83,1285.74,327.84,810.6,327.13,188.16,-392.74,168.38,465.69,-89.3,104.32,256.17,92.82,5.36
59.64,6.08,3.54,3.89,62.09,1928.33,2.47,13.94,6.6,11.39,1.08,25.25,526.92,2.74,1289.89,341.17,804.78,309.69,183.01,-363.53,172.16,427.71,-86.93,104.1,246.33,92.73,5.42
59.49,6.1,3.56,3.97,63.86,1945,4.07,6,5.26,11.57,1.05,26.25,584.17,2.9,1294.13,313.7,805.46,334.48,187.03,-401.95,163.59,458.77,-90.03,106.11,230.83,92.38,5.73
59.39,6.62,3.41,3.78,59.99,1710,3.64,2.72,6.58,11.43,1.06,26.38,604.1,3.02,1298.94,304.97,858.66,353.03,212.26,-404.15,161.76,479.29,-92.23,125.48,243.17,91.73,6.42
60.12,5.41,3.56,3.92,61.36,1788.33,2.36,7.87,6.42,11.24,1.04,25.67,559.17,2.84,1290.38,318.46,827.89,334.05,191.43,-384.83,167.12,449.81,-91.56,112.22,251,92.13,6.2
59.58,4.81,3.87,4.58,63.57,1960,4.02,0.63,5.3,11.2,1.11,28.08,586.78,2.98,1298.92,303.67,837.18,348.84,187.46,-403.44,155.71,460.34,-93.1,104.9,242.54,92.11,5.87
60.42,4.21,3.84,4.21,58.85,1683.33,2.62,0.13,6.56,11.68,1.09,26.96,602.48,3.02,1293.51,306.4,861.04,352.33,207.09,-405.17,157.7,495.17,-90.94,118.24,242.17,91.42,6.87
60.39,4.27,3.9,4.32,61.6,1848.33,2.6,4.77,6.58,11.52,1.07,28.17,599.89,3.04,1298.87,304.58,857.5,349.57,204.73,-406.26,159.57,471.33,-88.33,113.68,234,91.93,5.87
60.69,4.1,3.87,4.24,59.51,1706.67,2.45,9.39,5.9,11.59,1.07,25.33,593.33,2.93,1297.08,301.06,851.17,342.49,210.27,-413.42,159.53,489.99,-85.33,120.49,241,91.4,6.64
60.26,4.8,3.78,4.17,62.61,1761.67,0.71,7.04,6.64,11.5,1.14,25.88,598.89,3,1299.44,300.55,861.43,342.72,212.78,-411.76,156.77,477.16,-87.27,119.94,238.17,91.09,6.6
61.01,4.81,3.38,3.69,60.97,1818.33,0.43,0.34,6.58,11.34,1.12,27.33,606.62,2.98,1301.34,307.62,870.59,349.91,216.89,-395.4,164.85,475.95,-94,127,244.17,91.51,6.47
61.18,4.71,3.31,3.64,61.04,1695,1.62,8.19,6.58,10.91,1.07,27.75,597.21,2.93,1287.7,315.52,866.96,344.34,216.1,-394.86,167.28,480.42,-88.91,126.68,236.5,91.6,6.27
60.72,5.27,3.46,3.55,60.27,1643.33,3.17,7.56,6.41,11.31,1.11,26.29,604.52,2.98,1291.7,318.86,872.51,352.01,218.13,-409.14,162.25,502.92,-89.73,123.72,243.33,92.22,5.6
60.33,5.44,3.59,3.74,58.44,1706.67,2.38,4.89,6.53,11.33,1.09,23.46,607.02,2.98,1280.94,301.43,852.91,341.43,215.95,-407.28,157.66,502.45,-88.25,120.47,241,92.47,5.73
60.04,5.53,3.68,3.97,60.54,1678.73,4.56,3.54,5.76,11.23,1.1,27.75,596.95,2.98,1300.08,301.65,863.82,344.91,215.51,-398.71,160.9,492.1,-88.63,122.07,241.17,92.04,5.91
60.92,4.84,3.56,3.64,59.11,1601.67,2.61,2.49,6.67,11.17,1.1,18.58,590.04,2.93,1296.75,318.69,880.12,337.1,223.45,-401.19,165.68,497.62,-88.84,125.28,245.17,91.62,6.13
61.14,5.15,3.39,3.26,59.99,1555,2.4,7.28,6.41,10.87,1.11,16.75,610.96,2.95,1299.05,324.5,876.77,345.62,222.05,-404.65,165.65,510.78,-89.53,127.51,240,92.09,6.02
61.37,5.17,3.19,3.15,59.34,1573.33,1.7,6.65,6.4,10.46,1.07,12.96,612.21,2.92,1298.42,334.55,891.73,345.19,228.82,-399.77,169.71,512.23,-87.95,136.75,247.67,92.47,5.73
61.48,5.32,3.06,2.93,59.78,1548.33,2.26,0.17,6.33,10.56,1.05,11.71,611.89,2.95,1285.99,326.05,900.75,349.26,238.94,-403.78,167.74,520.58,-89.18,149.82,245.17,91.78,6.47
61.34,5.79,2.95,2.77,63.39,1713.33,0,0.04,6.13,10.45,1.1,13.38,625.44,2.95,1284.09,328.15,905.38,351.99,239.02,-397.34,167.51,506.47,-89.39,149.03,245,92.89,5.36
60.59,6.25,3.32,2.91,63.53,1856.67,3.62,0.28,6.11,10.31,1.05,17.71,617.67,2.9,1290.12,329.77,858.31,338.82,216.38,-389.77,169.47,489.92,-88.95,124.81,243,93.02,5.29
60.33,6.41,3.27,3.02,60.8,1768.33,3.86,10.11,5.48,10.3,1.07,21.92,616.19,2.88,1293.66,306.99,855.34,343.35,209.53,-405.02,165.49,494.97,-92.77,122.13,251,92.56,5.73
60.98,5.69,3.18,3.06,62.46,1581.67,3.97,7.41,6.31,10.28,1.1,20.17,611.32,2.88,1294.53,320.42,869.45,342.15,215.61,-390.99,171.43,497.1,-89.1,134.04,255.67,92.4,6.04
60.95,5.63,3.14,3.07,64.92,1638.33,2.23,5.78,6.21,10.36,1.07,22.21,622.47,2.91,1285.71,326.35,855.09,336.14,218.48,-395.41,167.9,495.06,-88.97,130.98,249.67,92.4,5.96
61.51,5.46,3.01,2.78,60.61,1538.33,3.29,3.23,6.21,10.13,1.09,11.33,619.01,2.85,1299.21,326.71,869.52,333.48,220.6,-404.71,171.99,504.29,-89.87,140.11,256,92.22,5.98
61.04,5.8,3.23,2.93,61.7,1625,3.29,3.79,6.13,10.23,1.06,17.88,620.22,2.89,1291.94,322.52,869.54,334.19,222.58,-396.52,167.89,490.92,-88.43,137.37,250.33,92.04,6.29
60.46,6.05,3.37,3.26,66.3,1905,4.39,7.64,4.05,10.33,1.07,23.17,624.82,3.03,1289.77,306.6,864.01,341.43,211.32,-396.8,164.88,470.16,-89.43,121.24,242.5,92.71,5.45
60.31,6.13,3.46,3.25,63.67,1866.67,3.4,0.1,6.28,10.74,1.07,25.13,611.51,2.94,1287.65,315.96,839.72,328.49,205.8,-389.72,169.99,473.22,-88.81,122.9,233.83,92.51,5.51
60.86,6,3.13,3,63.69,1658.33,3.63,1.1,6.2,10.19,1.05,14.83,618.75,2.93,1288.12,323.49,857.83,338.62,222.8,-397.79,168.49,500.55,-89.56,132.78,249.5,92.58,5.71
60.39,6.39,3.24,3,63.11,1713.33,4.83,1.76,5.48,10.18,1.09,20.08,621.52,2.92,1297.62,321.52,854.65,333.86,220.77,-391.86,165.89,487.87,-89.38,128.83,251,92.73,5.44
59.58,7.2,3.38,3.2,63.9,1785,2.43,0.63,6.15,10.36,1.06,22.96,618.82,2.96,1291.23,312.5,843.92,330.35,208.8,-383.52,168.36,469.39,-89.04,122.93,245.17,92.76,5.62
60.16,6.57,3.24,3.14,61.49,1758.33,0.4,0.44,6.08,10.44,1.08,22.71,619.46,2.97,1283.01,312.18,848.52,337.9,214.7,-393.19,164.68,485.5,-89.92,123.68,246.5,91.82,6.42
60.01,6.08,3.48,3.47,64.55,1891.67,2.87,0.42,6.23,10.41,1.05,22.71,609.06,2.97,1288.58,308.91,829.74,328.65,207.9,-386.82,166.36,456.41,-89.13,121.13,235.83,92.4,5.8
59.03,7.21,3.64,3.49,64.22,1900,2.79,9.82,6.33,10.64,1.11,24.08,597.47,2.95,1287.07,308.95,815.5,329.46,197.45,-389.58,175.69,466.78,-89.89,108.53,234.5,92.91,5.36
59.06,7.4,3.57,3.38,63.91,1865,3.77,0.12,12.42,10.32,1.11,24.42,492.23,2.64,1236.51,343.68,742.12,275.57,174.87,-323.02,180.31,393.68,-84.59,100.76,244.5,93,5.43
58.89,7.44,3.35,3.54,64.09,1955,1.49,0.38,6.26,10.2,1.05,22.38,357.31,2.25,1250.42,389.36,755.19,207.18,153.18,-223.64,192.83,315.53,-79.25,82.42,269.67,94.47,4.71
59.5,6.6,2.97,3.75,65.38,1955,0.42,0.43,0,10.2,1.05,24.42,358.04,2.22,1217.96,381.38,750.31,202.14,151.46,-230.48,186.11,294.27,-79.09,83.73,285.83,94.47,4.71
59.5,6.6,2.97,3.75,65.38,1955,4.83,0.35,0,10.2,1.05,26.5,340.47,2.12,1202.8,372.19,730.39,180.32,170.58,-212.01,169.46,216.67,-69.91,94.81,285.83,94.47,4.71
59.5,6.6,2.97,3.75,65.38,1955,4.01,5.83,0,10.2,1.05,17.42,308.42,2.01,1163.01,387.57,690.85,169.16,161.51,-177.58,183.24,173.06,-75.32,93.81,285.83,94.47,4.71
59.5,6.6,2.97,3.75,65.38,1955,4.01,5.83,0,10.2,1.05,17.42,308.42,2.01,1163.01,387.57,690.85,169.16,161.51,-177.58,183.24,173.06,-75.32,93.81,285.83,94.47,4.71
59.5,6.6,2.97,3.75,65.38,1955,2.78,6.73,0,10.2,1.05,22.13,299.71,2.06,1080.44,373.58,611.82,140.75,150.08,-207.88,173.14,194.54,-78.32,91.51,285.83,94.47,4.71
58.39,6.39,3.65,4.5,67.94,1630,0,2.94,0,10.2,1.05,27.44,306.48,2.15,1154.8,376.9,680.86,160.74,196.02,-190.12,185.64,161.67,-79.98,124.74,277,94.47,4.71
58.39,6.39,3.65,4.5,67.94,1630,0,2.94,0,10.2,1.05,27.44,306.48,2.15,1154.8,376.9,680.86,160.74,196.02,-190.12,185.64,161.67,-79.98,124.74,277,94.47,4.71
58.39,6.39,3.65,4.5,67.94,1630,0,2.94,0,10.2,1.05,27.44,306.48,2.15,1154.8,376.9,680.86,160.74,196.02,-190.12,185.64,161.67,-79.98,124.74,277,94.47,4.71
58.39,6.39,3.65,4.5,67.94,1630,0,2.94,0,10.2,1.05,27.44,306.48,2.15,1154.8,376.9,680.86,160.74,196.02,-190.12,185.64,161.67,-79.98,124.74,277,94.47,4.71
58.39,6.39,3.65,4.5,67.94,1630,0,2.94,0,10.2,1.05,27.44,306.48,2.15,1154.8,376.9,680.86,160.74,196.02,-190.12,185.64,161.67,-79.98,124.74,277,94.47,4.71
58.39,6.39,3.65,4.5,67.94,1630,0,2.94,0,10.2,1.05,27.44,306.48,2.15,1154.8,376.9,680.86,160.74,196.02,-190.12,185.64,161.67,-79.98,124.74,277,94.47,4.71
58.03,7.24,3.8,4.27,72.67,1630,6.22,2.94,0,10.2,1.05,27.34,289.37,2.09,1226.94,409.4,706.88,177.74,162.02,-184.54,199.84,210.8,-68.7,98.24,263,94.47,4.71
58.01,7.83,4.13,3.95,68.33,1930,7.46,10.88,0,10.2,1.05,24.33,336.89,2.17,1248.53,392.2,756.73,200.26,191.94,-218.01,196.58,240.89,-78.97,117.84,265,94.47,4.71
59.04,7.28,3.74,3.56,62.52,1930,5.08,9.24,0,10.2,1.05,22.08,303.87,2.05,1235.73,394.63,743.05,175.71,180.69,-178.27,200.5,214.55,-78.55,114.36,249,94.47,4.71
59.3,6.16,4.06,4.13,59.68,1930,3.23,7.65,0,10.2,1.05,31,308.75,2.11,1243.25,409.07,736.84,179.22,182.01,-193.27,206.02,227.94,-79.56,106.27,255,94.47,4.71
60.19,6.13,3.75,3.37,59.72,1930,0.75,4.84,0,10.2,1.05,25.29,303.16,2.07,1241.45,421.25,741.17,175.23,188.36,-187.28,217.11,218.97,-79.19,116.29,258,94.47,4.71
60.93,6.09,3.32,2.89,62.21,1930,2.94,7.68,0,10.2,1.05,17.71,311.38,2.05,1263.19,414.63,794.68,183.34,198.74,-177.96,220.76,230.64,-79.65,128.45,269,94.47,4.71
61.35,5.8,3.17,2.8,60.07,1930,4.91,12.32,0,10.2,1.05,20.63,309.83,2.05,1253.03,418.08,795.63,181.33,184.36,-170.57,229.4,242.28,-79.47,111.88,279,94.47,4.71
61.29,6.29,3.18,2.42,59.27,1930,4.89,7,0,10.2,1.05,20.75,307.69,2.05,1260.92,401.93,798.95,176.38,194.15,-158.07,225.47,228.73,-79.56,111.56,295,94.47,4.71
61.18,6.44,3.18,2.48,58.45,1930,3.74,0.32,0,10.2,1.05,19.17,325.75,2.12,1242.68,387.57,802.94,178.48,204.44,-163.66,208.88,229.47,-78.84,115.23,303,94.47,4.71
60.95,6.36,3.18,2.78,61.02,1930,3.51,0.03,0,10.2,1.05,15.13,369.87,2.28,1255.11,385.14,840.73,211.05,201.98,-189.04,192.58,278.12,-79.33,99.96,310,94.47,4.71
60.8,6.34,3.3,2.88,62.49,1930,0,1.13,0,10.2,1.05,13.38,388.79,2.42,1243.82,383.12,797.52,216.99,191.22,-207.45,195.81,304.27,-79.56,96.94,308,94.47,4.71
60.38,6.66,3.38,2.99,63.88,1930,0,7.91,0,10.2,1.05,18.67,311.12,2.12,1238.9,387.03,745.67,168.22,171.56,-171.07,185.72,233.07,-71.18,82.61,280,94.47,4.71
59.48,7.51,3.62,3.1,65.87,1930,0,17.15,0,10.2,1.05,18,311.19,2.09,1210.76,388.67,716.83,171.1,156.06,-169.93,189.48,241.54,-73.39,73.63,284,94.47,4.71
59.52,7.59,3.56,3.03,67.03,1930,5.52,7.12,0,10.2,1.05,20.5,310.3,2.15,1198.36,389.77,700.51,172.77,145.91,-167.48,193.68,244.2,-72.47,69.54,278,94.47,4.71
60.52,6.75,3.32,2.78,67.03,1930,1.99,16.05,0,10.2,1.05,21.96,376.64,2.32,1197.97,385.24,746.55,213.87,163.83,-219.38,188.48,325.92,-74.74,80.46,282,94.47,4.71
60.33,6.81,3.35,2.94,66.05,1930,2.87,5.04,0,10.2,1.05,23.83,334.99,2.22,1190.53,385.72,756.93,217.33,147.07,-188.37,196.85,316.7,-79.82,70.28,287,94.47,4.71
59.29,7.95,3.41,3.06,64.7,1930,2.25,7.92,0,10.2,1.05,24.13,328.85,2.24,1164.61,369.53,728.56,203.21,151.52,-185.76,197.14,295.34,-79.27,77.02,307,94.47,4.71
59.78,7.68,3.27,2.9,63.96,1930,0.66,14.51,0,10.2,1.05,20.58,345.27,2.25,1154.16,353.6,746.25,199.88,169.2,-192.73,178.15,292.33,-80.12,86.07,262,94.47,4.71
59.51,8.02,3.33,2.92,65.73,1930,0.68,8.77,0,10.2,1.05,18.5,357.95,2.3,1161.52,354.02,755.48,214.21,163.27,-193.15,175.18,323.53,-81.32,77.72,263,94.47,4.71
59.82,7.61,3.21,2.89,64.37,1930,0,15.91,0,10.2,1.05,17.71,358.12,2.31,1177.73,354.44,756.4,209.06,160.6,-177.03,178.94,299.66,-79.86,77.27,263,94.47,4.71
60.21,7.7,2.97,2.51,66.13,1930,0,16.04,0,10.2,1.05,18.33,334.8,2.31,1164.61,354.77,744.44,203.33,149.89,-171.95,181.86,304.9,-79.49,68.52,278,93.27,5.73
60.41,7.05,3.1,2.73,63.82,1930,0,11.95,0,10.2,1.05,20.13,350.91,2.31,1158.28,363.1,748.6,209.54,160.92,-181.68,181.71,301.35,-78.76,76.45,267,93.8,5.1
60.49,6.75,3.04,2.72,64.75,1930,0,17.64,0,10.88,1.05,16.25,367.44,2.29,1163.86,379.55,739.46,210.04,161.17,-198.53,187.99,309.46,-73.86,79.21,284,94.3,4.87
60.32,6.69,3.08,2.91,66.16,1930,0,11.9,0,10.46,1.05,19.54,373.07,2.32,1174.43,372.67,760.26,207.97,167.42,-197.36,187.97,311.77,-73.27,80.35,286,94.73,4.63
59.77,6.8,3.52,3.1,66.57,1575,0,15.66,0,10.46,1.05,21.83,481.99,2.64,1204.45,377.85,766.78,276.15,180.44,-284.26,178.3,382.3,-81.22,92.28,273.67,94.47,4.6
60,6.28,3.67,3.31,63.7,1573.33,0,14.58,0,10.46,1.05,22.17,477.59,2.61,1192.58,365.22,755.16,266.59,177.14,-290.84,179.81,397.07,-79.5,95.16,262.83,93.77,5.07
60.15,6.29,3.6,3.27,61.22,1640,0,10.7,0,10.46,1.05,20.71,488.12,2.63,1204.74,359.74,761.15,275.23,183.12,-304.99,179.98,414.69,-80.31,95.3,260,92.43,6.37
60.31,6.3,3.52,3.17,61.83,1546.67,0,10.44,0,10.46,1.05,16.04,506.07,2.68,1223.19,367.34,788.61,295.44,180.1,-308.8,181.96,433.85,-84.54,92.5,254.17,92.9,5.8
60.73,5.67,3.48,3.27,62.3,1645,0,5.4,0,10.46,1.05,20.21,459.83,2.56,1252.68,379.97,769.87,269.91,166.83,-270.34,188.37,391.66,-84.47,85.88,264.67,94.2,4.6
60.21,6.5,3.48,3.16,65.54,1706.67,0,20.47,0,10.46,1.05,19.63,462.82,2.51,1248.75,375.07,749.76,271.75,161.44,-300.97,187.5,391.82,-85.15,79.48,264.67,93.37,5.5
60.54,6.29,3.28,3.11,63.98,1826.67,3.98,17.65,0,10.46,1.05,20,390.4,2.32,1217.15,391.21,709.13,229.65,149.01,-234.33,197.9,305.37,-81.44,82.39,262.67,93.7,4.9
60.13,6.28,3.56,3.42,68.39,1936.67,6.43,8.42,0,10.46,1.05,24.38,393.92,2.3,1235.73,389.85,722.91,226.28,160.47,-240.86,191.79,290.59,-80.69,81.24,270.33,94.2,4.53
60.25,6.06,3.52,3.49,64.3,1642.5,2.42,15.12,0,10.46,1.05,22.33,487.84,2.6,1243.21,372.38,726.47,275.34,167.26,-313.55,183.02,385.18,-84.29,81.93,252.71,93.53,5.4
60.49,6.01,3.48,3.27,64.14,1863.33,1.98,16.36,0,10.46,1.05,19.67,514.57,2.64,1246.33,362.56,759.26,286.53,185.29,-338.23,175.22,401.87,-83.35,92.84,263.5,93.6,5.23
60.33,6.43,3.4,3.14,63.18,1740,2.97,9.79,0,10.59,1.08,22.83,512.27,2.65,1234.11,364.78,748.8,277.32,189.72,-329.94,173.69,388.78,-84.02,98.99,257.83,93.17,5.53
60.54,6.43,3.17,3.1,61.59,1688.33,2.75,8.9,0,10.68,1.09,20.17,560.61,2.78,1278.32,342.69,804.24,324.62,205.63,-374.98,172.84,435.38,-89.77,115.88,260.17,92.2,6.43
60.92,6.04,3.12,3.16,58.89,1563.33,2.6,13.19,0,10.68,1.09,16.17,575.46,2.84,1297.75,330.43,812.61,327.63,213.96,-378.97,168.22,454.24,-88.05,122.24,270.5,93.2,5.53
60.97,5.91,3.21,3.17,61.3,1638.33,4.68,15.17,0,10.68,1.09,17.17,562.43,2.77,1288.9,330.9,802.71,297.42,208.24,-370.82,169.82,438.3,-73.82,114.15,270.83,93.07,5.1
61.74,5,3.14,3.08,60.09,1478.33,2.35,15.9,0,10.68,1.06,11.54,555.96,2.74,1296.88,312.48,821.22,285.36,226.4,-388.12,160.63,447.21,-65.95,133.49,265.33,92.67,5.97
61.68,5.29,3,3.02,58.25,1415,2.65,4.66,0,10.35,1.05,8.5,558.57,2.71,1290.81,323.06,819.74,301.13,225.05,-395.32,165.98,477.57,-71.61,127,257.17,91.7,6.77
61.46,5.26,3.13,3.2,60.52,1591.67,2.97,11.75,0,10.44,1.07,14.42,524.53,2.63,1285.6,345.88,774.22,284.04,194.74,-353.98,171.06,413.04,-74.95,101.63,256,91.67,6.83
60.94,5.73,3.27,3.23,62.54,1688.33,3.31,11.87,0,10.85,1.09,14.46,531.01,2.68,1293.72,345.79,793.65,295.36,198.62,-358.27,167.64,423.08,-78.19,94.66,263.83,92.53,6.13
61.16,5.65,3.16,3.14,59.18,1583.33,4.7,8.53,0,10.6,1.03,10.29,521.83,2.61,1290.78,327.64,824.08,292.24,207.71,-363.45,166.99,442.21,-73.85,101.84,265.83,92.67,5.93
61.19,5.3,3.16,3.39,57.63,1448.33,3.76,12.6,0,10.7,1.06,11.38,488.94,2.48,1288.21,317.57,777.42,274.93,195.44,-368.87,164.11,412.78,-78.1,100.23,244.33,92.77,5.73
61.56,5.35,2.89,3.07,62.57,1695,4.54,7.97,0,10.58,1.06,10.92,558.87,2.82,1309.87,311.98,829.06,316.72,213.15,-390.67,165.11,474.45,-81.75,114.01,253.5,91.87,6.8
62.01,5.21,2.73,2.86,61.51,1606.67,3.54,12.56,0,10.41,1.05,10.79,569.71,2.83,1303,313.09,839.07,313.99,211.2,-374.32,166.47,476.66,-80.78,115.82,257.83,92.57,6
61.26,5.67,3.03,3.08,60.93,1586.67,1.97,13.4,0,10.35,1.05,12.96,591.21,2.94,1302.22,305.6,847.21,329.61,214.75,-375.06,164.94,467.36,-87.01,121.98,264.17,92.23,6.27
61.93,5.04,2.84,2.92,58.52,1496.67,0.86,15.45,0,10.48,1.07,9.54,585.76,2.92,1305.79,309.86,853.35,334.93,216.13,-383.26,163.22,487.69,-86.63,116.15,266.17,93.6,5.27
62.1,4.19,3.17,3.27,58.15,1458.33,2.85,6.38,0,10.68,1.04,10.5,592.02,2.96,1311.78,296.77,848.9,333.16,224.46,-413.98,158.15,489.83,-84.29,119.35,253.5,91.8,6.67
61.61,5.03,3.19,3.17,59.21,1506.67,4.01,11.77,0,10.72,1.05,11.83,574.27,2.88,1306.04,302.74,843.55,340.52,215.64,-401.77,162.22,484.32,-88.64,116.38,249.5,90.9,7.57
61.81,4.57,3.1,3.41,63.12,1530,3.46,12.2,0,10.72,1.08,13.25,573.47,2.87,1314.11,313.37,842.98,340.69,215.96,-400.73,163.48,472.49,-88.49,112.02,259.33,92.67,5.77
61.37,5.06,3.15,3.48,61.95,1505,4.13,12.58,0,10.86,1.06,12.46,577.8,2.92,1314.62,299.76,845.87,347.82,219.57,-409.31,162.59,497.27,-88.25,119.32,255.83,92.07,6.27
60.96,5.61,3.17,3.49,60.31,1521.67,3.47,8.73,0,10.81,1.1,12.79,593.33,2.96,1318.87,307.43,861.03,344.86,225.7,-407.97,161.23,492.49,-87.77,115.71,255,91.93,6.57
60.85,5.93,3.07,3.38,61.48,1521.67,3.27,9.64,0,10.77,1.05,13.5,585.56,2.91,1314.46,314.66,840.72,335.39,217.08,-415.72,160.47,491.58,-84.55,118.77,258.5,91.87,6.5
60.22,6.31,3.26,3.62,64.98,1740,3.3,13.27,0,10.75,1.08,13.75,594.36,2.98,1309.25,280.7,808.36,329.89,204.24,-420.87,154.62,477.82,-83.45,116.03,250,92.3,6.2
60.84,5.84,3.2,3.33,62.04,1570,2.42,18.71,0,10.62,1.06,14.96,487.02,2.66,1284.99,337.72,771.72,282.95,185.18,-328.22,170.68,412.87,-81.74,99.73,244.5,91.53,6.83
61.54,5.42,2.91,3.07,62.62,1680,1.14,16.59,0,10.49,1.05,14.13,546.81,2.82,1300.37,337.67,805.72,314.33,197.69,-365.1,172.9,464.27,-83.86,104.87,257.5,93.27,5.63
61.45,5.58,2.93,2.97,63.29,1598.33,0.83,15.59,0,10.78,1.07,11.54,527.92,2.64,1299.44,313.22,796.32,315.06,207.15,-400.11,164.03,458.26,-80.76,118.63,272.5,93.3,5.43
61.05,5.95,2.98,3.06,63.47,1665,1.6,16.53,0,10.87,1.07,14.42,556.73,2.79,1306.81,315.22,831.14,314.78,210.32,-377.19,163.03,461.18,-86.63,112.37,256.67,93.57,5.23
60.16,6.64,3.2,3.25,62.27,1666.67,2.05,13.6,0,10.78,1.06,16.33,569.81,2.81,1299.54,318.51,837.14,314.89,221.81,-391.81,167.74,442.19,-83.7,125.19,254.33,92.37,6.1
60.69,5.76,3.31,3.45,63.84,1718.33,3.13,12.01,0,10.73,1.04,15.54,596.13,2.95,1298.74,298.69,858.54,330.88,227.73,-411.48,160.44,470.93,-84.14,116.28,259.17,92.47,5.96
61.45,5.25,3.09,3.17,61.15,1605,2.77,9.09,0,10.57,1.07,13.71,590.47,2.91,1301.58,263.1,844.71,320.59,228.6,-425.38,154.65,488.4,-84.77,126.79,264.83,92.1,6.23
61.35,5.26,3.18,3.23,63.59,1750,3.02,9.74,0,10.45,1.08,11.96,577.57,2.79,1304.61,328.89,840.52,312.49,220.55,-389.07,175.21,449.06,-83.97,125.89,262.5,92.44,5.91
61.71,4.81,3.13,3.14,66.69,1755,3.95,11.9,0,10.51,1.05,15.79,515.09,2.56,1294.15,351.38,816.05,285.23,203.75,-350.14,177.1,420.42,-79.73,110.08,260.5,93.29,5.33
61.71,4.74,3.18,3.2,63.24,1696.67,3.37,11.51,0,10.42,1.06,14.33,573.89,2.82,1301.11,317.07,825.59,316.42,209.8,-379.38,171.44,465.45,-84.6,122.33,264.83,92.27,6.11
61.19,5.5,3.02,3.17,64.95,1745,2.08,17.27,0,10.24,1.07,13.63,546.3,2.71,1296.41,331.33,859.65,312.43,221.65,-368.56,167.09,454.48,-81.73,116.08,262.17,93.27,5.27
60.31,6.84,3.09,3.17,64.95,1745,2.17,17.84,0,10.24,1.07,14.83,417.83,2.39,1260.61,359.81,791.76,232.44,186.92,-272.12,170.38,346.59,-73.27,83.55,260.75,93.27,5.27
60.35,6.71,3.13,3.31,64.95,1745,4.75,22.87,0,10.24,1.07,12.58,365.35,2.34,1228.2,367.05,721.02,214.45,176.74,-248.02,170.13,292.28,-77.05,89.34,260.75,93.27,5.27
60.35,6.71,3.13,3.31,64.95,1745,5.23,35.05,0,10.24,1.07,16.02,249.12,2.11,1191.28,365.25,717.3,180.63,168.96,-180.06,171.01,227.49,-74.28,86.78,260.75,93.27,5.27
61.01,5.72,3.14,3.23,64.95,1745,2.18,25.13,0,10.24,1.07,15.68,365.46,2.32,1237.76,366.76,791.16,218.47,183.55,-248.85,174.04,312.32,-73.51,90.41,260.75,93.27,5.27
62.13,4.81,2.75,2.88,64.95,1745,1.35,22.01,0,10.24,1.07,15.83,294.12,2.18,1188.75,357.1,727.33,189.81,160.02,-224.13,168.7,260.17,-70.34,77.46,260.75,93.27,5.27
62.13,4.81,2.75,2.88,64.95,1745,1.5,23.02,0,10.24,1.07,14.5,360.89,2.37,1238.61,349.28,801.44,213.04,197.27,-251.95,174.01,300.59,-77.11,97.55,260.75,93.27,5.27
62.13,4.81,2.75,2.88,64.95,1745,0,19.47,0,10.24,1.07,14.5,311.75,2.19,1221.68,372.19,720.17,176,176.06,-193.44,172.4,255.89,-64.59,86.89,260.75,93.27,5.27
62.13,4.81,2.75,2.88,64.95,1745,0,17.6,0,10.24,1.07,14.5,322.56,2.24,1219.25,366.26,713.19,169.26,163.12,-242.61,174.05,256.34,-60.04,78.07,260.75,93.27,5.27
62.13,4.81,2.75,2.88,64.95,1745,0,21.64,0,10.24,1.07,14.5,363.03,2.27,1219.6,357.57,766.61,184.86,179.39,-244.41,176.46,276.4,-60.61,89.99,260,93.33,5.53
62.13,4.81,2.75,2.88,64.95,1745,0,17.41,0,10.24,1.07,14.5,311.72,2.2,1195.38,348.51,706.55,159.59,173.49,-223.36,172.79,242.25,-59.03,97.68,260,93.33,5.53
62.13,4.81,2.75,2.88,64.95,1745,0.81,18.3,0,10.24,1.07,14.5,337.17,2.21,1219,355.85,737.45,177.35,176.6,-226.61,169.53,253.41,-62.97,85.8,260,93.33,5.53
62.13,4.81,2.75,2.88,64.95,1745,1.31,17.05,0,10.24,1.07,14.5,391.36,2.32,1239.66,353,770.09,206.39,181.96,-269.99,172.65,318.52,-63.63,88.52,260,93.33,5.53
60.51,5.84,3.11,3.66,64.95,1745,2.69,20.05,0,10.24,1.07,14.5,357.47,2.24,1222.49,365.84,745.52,186.01,164.42,-238.29,174.75,297.3,-59.78,79.96,260,93.33,5.53
60.57,5.66,3.24,3.64,64.95,1745,0,28.75,0,10.24,1.07,14.5,368.32,2.29,1232.81,357.24,739.02,200,177.15,-270.44,172.3,302.47,-63.31,95.75,260,93.33,5.53
60.77,5.67,3.21,3.29,64.95,1745,1.67,3.17,0,10.24,1.07,14.5,376.85,2.24,1238.26,367.71,742.95,205.82,163.01,-262.37,173.46,309.65,-62.48,84.06,260,93.33,5.53
59.89,6.89,3.03,3.6,64.95,1745,1.85,10.75,0,10.24,1.07,14.5,319.88,2.18,1206.91,377.29,715.95,177.17,157.83,-221.21,176.22,265.46,-59.53,85.14,260,93.33,5.53
60.44,5.98,3.47,3.36,64.95,1745,1.66,14.14,0,10.24,1.07,14.5,319.85,2.13,1214.96,376.6,719.14,183.12,155.29,-214.51,180.35,277.77,-61.7,85.7,246,93.33,5.53
60.44,5.98,3.47,3.36,64.95,1745,0,20.98,0,10.24,1.07,14.5,295.49,2.09,1197.33,370.91,692.99,168.66,153.43,-196.53,177.67,240.71,-59.36,81.93,246,93.33,5.53
60.44,5.98,3.47,3.36,64.95,1745,0,11.12,0,10.24,1.07,14.5,292.62,2.03,1186.27,364.06,638.4,157.28,141.26,-203.62,168.89,227.1,-58.88,73,246,93.33,5.53
60.44,5.98,3.47,3.36,64.95,1745,0,0.49,0,10.24,1.07,14.5,301.22,2.16,1197.15,354.58,677.21,170.2,145.61,-231.66,160.86,291.98,-59.11,69.69,246,93.33,5.53
60.44,5.98,3.47,3.36,64.95,1745,0,11.32,0,10.24,1.07,14.5,312.06,2.21,1203.56,354.64,730.01,174.73,154.44,-212.28,173.6,282.83,-59.76,77.87,240,93.33,5.53
60.44,5.98,3.47,3.36,64.95,1745,0,4.04,0,10.24,1.07,14.5,300.51,2.06,1189.15,359.96,650.44,158.74,138.17,-203.85,170.15,248.55,-57.82,75.32,240,93.33,5.53
61.35,5.12,2.87,3.48,64.95,1745,0,3.69,0,10.24,1.07,14.5,439.68,2.59,1266.79,354.36,743.98,241.27,194.59,-323.8,176.01,389.31,-69.89,102.57,247,93.33,5.53
60.54,6.14,3,3.36,64.95,1745,0,0,0,10.24,1.07,14.5,382.96,2.36,1221.58,349.92,713.99,203.9,167.34,-258.99,171.28,334.85,-66.32,87.78,224,93.33,5.53
61.16,5.49,2.81,3.37,64.95,1745,2.21,0.67,0,10.24,1.07,14.5,410.62,2.43,1245.39,353.85,729.12,223.82,165.62,-274.97,184.36,354.37,-69.14,90.01,234,93.33,5.53
61.69,5.11,2.75,3.1,64.95,1745,3.13,0.98,0,10.24,1.07,14.5,421.14,2.45,1222.98,326.04,691.84,226.28,157.79,-285.17,171.69,381.13,-68.16,83.26,242,93.33,5.53
61.55,5.16,2.84,3.33,64.95,1745,2.83,8.8,0,10.24,1.07,14.5,427.69,2.37,1262.08,347.75,719.73,246.16,177.47,-330.53,172.36,419.64,-72.84,100.81,250.5,93.33,5.53
60.72,6.25,3.19,3.1,64.95,1745,4.24,3.35,0,10.66,10.43,14.5,357.38,2.16,1242.71,380.48,680.73,219.37,156.92,-265.76,187.95,368.84,-74.48,88.39,200.5,93.33,5.53
60.91,6.44,2.93,2.99,64.95,1745,7.1,5.34,0,10.66,10.43,14.5,352.78,2.14,1264.54,359.69,727.47,212.37,176.05,-257.77,181.9,347.86,-72.19,104.46,222.5,90.2,8.73
61.43,6.03,2.67,2.67,64.95,1745,5.08,1.63,0,10.66,10.43,14.5,431.24,2.36,1287.04,320.09,747.62,216.27,177.19,-287.83,166.06,389.72,-61.16,99.83,262.5,89.4,9.47
60.7,6.61,2.88,2.88,64.95,1745,0.53,0.33,0,10.66,10.43,14.5,481.92,2.56,1304.7,353.31,791.24,240.28,188.39,-338,177.76,452.37,-52.52,98.92,260.5,90.73,7.4
61.24,5.99,2.79,2.79,64.95,1745,4.17,6.29,0,10.66,10.43,14.5,480.2,2.52,1304.8,348.54,789.52,250.82,196.54,-347.57,175.96,452.13,-58.64,111.18,271,93.33,5.53
61.24,5.99,2.79,2.79,64.95,1745,1.67,6.7,0,10.66,10.43,14.5,483.49,2.54,1296.14,336.86,815.32,233.32,208.78,-359.27,171.92,457.53,-48.05,114.95,259,93.33,5.53
61.24,5.99,2.79,2.79,64.95,1745,0.61,16.52,0,10.66,10.43,14.5,533.95,2.68,1341.22,327.85,840.99,265.75,217.91,-398.48,163.73,506.15,-48.65,115.65,258,90.8,7.6
61.24,5.99,2.79,2.79,64.95,1745,0.68,7.75,0,10.66,10.43,14.5,510.21,2.63,1288.04,332.67,773.2,260.73,187.5,-358.68,173.35,458.51,-61.21,101.86,282.67,90.6,8.13
60.5,7.08,2.99,2.8,61.43,1745,3.16,12.55,0,10.59,10.43,14.5,529.03,2.72,1305.98,335.67,818.3,290.18,202.73,-369.26,166.82,452.23,-77.61,107.04,277.67,91.7,6.97
60.63,6.85,2.94,2.74,63.36,1745,1.27,16.18,0,10.43,10.43,14.5,518.85,2.74,1304.27,359.58,854.67,291.42,209.53,-344.43,177.74,438.02,-77.43,102.41,275,93.33,5.31
60.47,6.56,3.21,2.91,62.02,1745,0.45,16.26,0,10.96,10.43,14.5,502.34,2.58,1305.94,362.23,819.99,281.49,203.16,-353.44,176.01,429.23,-74.56,96.41,253.67,92.69,6.04
60.59,7.03,2.88,2.71,62.32,1745,0,13.11,0,10.92,10.43,14.5,524.4,2.79,1304.37,331.99,825.77,293.89,211.41,-376.15,166.02,467.57,-70.58,103.94,276,92.07,6.49
